Date,Open,High,Close,Low,Change %
44012,"9,150.60","9,194.40","9,206.50","9,077.10",-0.48%
44011,"9,194.40","9,127.80","9,242.10","9,030.20",0.73%
44010,"9,127.80","9,015.30","9,193.20","8,949.40",1.25%
44009,"9,015.30","9,173.10","9,199.50","8,857.30",-1.72%
44008,"9,173.10","9,257.00","9,299.00","9,054.10",-0.91%
44007,"9,257.00","9,312.10","9,344.00","9,012.70",-0.59%
44006,"9,312.10","9,635.10","9,684.10","9,222.30",-3.35%
44005,"9,635.10","9,697.70","9,724.00","9,594.70",-0.65%
44004,"9,697.70","9,298.10","9,794.20","9,285.20",4.30%
44003,"9,298.10","9,371.30","9,431.10","9,292.10",-0.78%
44002,"9,371.30","9,315.50","9,401.00","9,178.60",0.60%
44001,"9,315.50","9,400.00","9,439.90","9,241.80",-0.90%
44000,"9,400.00","9,473.30","9,496.40","9,287.20",-0.77%
43999,"9,473.30","9,534.40","9,566.00","9,261.30",-0.64%
43998,"9,534.40","9,435.00","9,589.90","9,388.10",1.07%
43997,"9,433.90","9,344.80","9,510.00","8,914.90",0.95%
43996,"9,345.40","9,480.90","9,486.00","9,262.00",-1.43%
43995,"9,480.80","9,468.30","9,498.20","9,363.60",0.13%
43994,"9,468.30","9,272.20","9,544.00","9,246.00",2.11%
43993,"9,272.20","9,898.80","9,972.80","9,088.60",-6.33%
43992,"9,898.80","9,771.90","10,004.00","9,699.30",1.31%
43991,"9,770.80","9,784.40","9,875.90","9,582.10",-0.13%
43990,"9,783.20","9,747.10","9,800.00","9,650.40",0.38%
43989,"9,746.30","9,668.40","9,814.00","9,402.30",0.81%
43988,"9,668.40","9,620.40","9,733.00","9,552.60",0.50%
43987,"9,620.50","9,790.70","9,861.80","9,620.50",-1.74%
43986,"9,790.70","9,672.00","9,882.10","9,477.00",1.23%
43985,"9,672.00","9,530.00","9,684.00","9,400.00",1.49%
43984,"9,530.00","10,221.00","10,242.00","9,197.40",-6.76%
43983,"10,221.00","9,452.10","10,390.00","9,421.80",8.13%
43982,"9,452.10","9,706.40","9,707.20","9,402.60",-2.62%
43981,"9,706.40","9,426.20","9,742.00","9,338.00",2.97%
43980,"9,426.20","9,589.30","9,618.50","9,352.30",-1.70%
43979,"9,589.30","9,210.30","9,629.60","9,121.70",4.11%
43978,"9,210.30","8,845.50","9,225.00","8,822.80",4.12%
43977,"8,845.50","8,902.00","9,013.30","8,705.00",-0.63%
43976,"8,902.00","8,711.50","8,960.80","8,628.60",2.19%
43975,"8,711.50","9,174.60","9,300.00","8,700.00",-5.05%
43974,"9,174.60","9,162.40","9,304.00","9,088.60",0.13%
43973,"9,162.40","9,059.50","9,257.30","8,935.50",1.14%
43972,"9,059.50","9,502.00","9,564.00","8,821.40",-4.66%
43971,"9,502.00","9,770.10","9,840.60","9,305.10",-2.74%
43970,"9,770.10","9,714.80","9,877.50","9,470.20",0.57%
43969,"9,714.80","9,668.20","9,941.10","9,462.40",0.48%
43968,"9,668.20","9,388.00","9,877.70","9,334.20",2.98%
43967,"9,388.00","9,313.30","9,580.00","9,224.00",0.80%
43966,"9,313.30","9,791.00","9,836.50","9,133.60",-4.88%
43965,"9,791.00","9,312.00","9,937.80","9,267.50",5.14%
43964,"9,312.00","8,811.40","9,403.20","8,799.50",5.68%
43963,"8,811.40","8,555.00","8,967.00","8,526.60",3.00%
43962,"8,555.00","8,726.00","9,135.80","8,211.10",-1.96%
43961,"8,726.00","9,537.70","9,557.50","8,107.40",-8.51%
43960,"9,537.90","9,792.20","9,900.00","9,499.00",-2.60%
43959,"9,792.80","9,991.00","10,025.00","9,713.80",-1.87%
43958,"9,979.60","9,150.40","10,045.00","9,050.00",8.97%
43957,"9,157.90","9,020.00","9,415.10","8,918.30",1.53%
43956,"9,020.10","8,871.20","9,119.80","8,770.90",1.74%
43955,"8,865.80","8,901.60","8,959.00","8,535.00",-0.38%
43954,"8,899.80","8,982.30","9,198.00","8,738.50",-0.92%
43953,"8,982.30","8,822.90","8,999.00","8,763.00",1.81%
43952,"8,822.90","8,630.80","9,069.90","8,630.80",2.17%
43951,"8,635.30","8,773.80","9,438.80","8,416.00",-1.57%
43950,"8,773.30","7,750.70","8,918.00","7,706.10",13.12%
43949,"7,755.80","7,777.60","7,777.70","7,658.60",-0.28%
43948,"7,777.70","7,698.00","7,777.70","7,623.40",1.05%
43947,"7,697.10","7,538.50","7,697.10","7,487.00",2.10%
43946,"7,538.50","7,508.40","7,700.00","7,450.10",0.42%
43945,"7,506.80","7,499.00","7,614.00","7,428.30",0.15%
43944,"7,495.20","7,133.30","7,744.90","7,047.40",5.08%
43943,"7,133.00","6,849.90","7,164.00","6,826.20",4.13%
43942,"6,850.00","6,835.00","6,955.60","6,770.70",0.12%
43941,"6,841.90","7,133.40","7,235.00","6,767.10",-4.09%
43940,"7,133.30","7,268.80","7,285.40","7,058.70",-1.87%
43939,"7,269.10","7,045.90","7,300.10","7,044.90",3.17%
43938,"7,045.80","7,114.70","7,158.90","7,013.40",-0.97%
43937,"7,114.90","6,629.10","7,200.00","6,500.40",7.25%
43936,"6,633.80","6,874.00","6,938.40","6,621.30",-3.47%
43935,"6,872.40","6,847.90","6,984.90","6,762.90",0.35%
43934,"6,848.70","6,916.50","6,916.50","6,576.50",-0.93%
43933,"6,913.00","6,884.50","7,192.20","6,797.60",0.41%
43932,"6,884.50","6,874.30","6,954.40","6,780.00",0.13%
43931,"6,875.50","7,293.70","7,305.80","6,756.40",-5.73%
43930,"7,293.50","7,367.10","7,370.70","7,117.00",-1.00%
43929,"7,367.00","7,203.00","7,420.00","7,155.80",2.28%
43928,"7,203.00","7,340.20","7,452.00","7,088.00",-1.95%
43927,"7,346.00","6,780.20","7,350.10","6,779.90",8.38%
43926,"6,778.00","6,880.60","6,914.70","6,693.40",-1.51%
43925,"6,881.60","6,738.50","7,010.80","6,660.00",2.09%
43924,"6,740.80","6,810.70","7,048.10","6,624.60",-1.14%
43923,"6,818.30","6,685.70","7,263.30","6,591.30",2.15%
43922,"6,675.00","6,429.00","6,714.60","6,180.00",3.85%
43921,"6,427.70","6,409.10","6,536.00","6,350.00",0.31%
43920,"6,407.60","5,893.70","6,627.10","5,880.90",8.74%
43919,"5,892.60","6,252.30","6,279.60","5,892.60",-5.71%
43918,"6,249.30","6,366.00","6,366.00","6,061.40",-1.89%
43917,"6,370.00","6,755.00","6,856.00","6,277.80",-5.64%
43916,"6,750.70","6,688.20","6,790.10","6,536.90",0.93%
43915,"6,688.20","6,762.00","6,968.00","6,449.90",-1.09%
43914,"6,762.00","6,491.20","6,838.50","6,406.10",4.17%
43913,"6,491.20","5,820.10","6,652.40","5,682.70",11.40%
43912,"5,827.00","6,202.70","6,410.60","5,757.30",-6.04%
43911,"6,201.80","6,211.10","6,461.00","5,884.70",-0.06%
43910,"6,205.80","6,173.50","6,897.00","5,687.60",0.52%
43909,"6,173.40","5,417.10","6,412.60","5,266.40",13.98%
43908,"5,416.20","5,339.00","5,452.70","5,033.90",1.33%
43907,"5,345.20","5,068.30","5,564.20","4,964.40",5.67%
43906,"5,058.50","5,381.90","5,381.90","4,468.00",-6.03%
43905,"5,383.20","5,217.10","5,984.20","5,133.00",3.16%
43904,"5,218.20","5,621.80","5,673.20","5,099.00",-7.24%
43903,"5,625.40","4,873.10","5,965.30","4,001.00",14.17%
43902,"4,927.00","7,975.30","8,001.70","4,612.10",-38.18%
43901,"7,969.60","7,917.90","8,020.60","7,635.10",0.71%
43900,"7,913.80","7,965.50","8,180.00","7,779.00",-0.67%
43899,"7,967.30","8,073.80","8,214.90","7,700.00",-1.32%
43898,"8,074.00","8,917.20","8,917.20","8,049.50",-9.47%
43897,"8,919.00","9,180.60","9,231.10","8,884.80",-2.85%
43896,"9,180.60","9,085.60","9,199.70","9,016.10",0.99%
43895,"9,090.80","8,795.30","9,185.00","8,795.30",3.44%
43894,"8,788.60","8,791.10","8,877.70","8,718.40",-0.03%
43893,"8,791.10","8,938.50","8,940.00","8,700.00",-1.64%
43892,"8,938.10","8,556.80","8,990.80","8,524.60",4.35%
43891,"8,565.20","8,561.50","8,775.00","8,460.00",0.09%
43890,"8,557.30","8,730.60","8,820.90","8,557.30",-1.96%
43889,"8,728.00","8,826.10","8,908.30","8,455.20",-1.11%
43888,"8,825.80","8,813.20","8,975.00","8,555.00",0.14%
43887,"8,813.20","9,324.80","9,385.90","8,652.70",-5.51%
43886,"9,327.50","9,674.00","9,686.60","9,251.40",-3.58%
43885,"9,674.10","9,983.80","10,022.00","9,484.30",-3.11%
43884,"9,985.00","9,663.00","10,001.00","9,660.20",3.34%
43883,"9,662.40","9,693.00","9,714.00","9,565.20",-0.32%
43882,"9,693.50","9,609.20","9,757.40","9,567.90",0.89%
43881,"9,608.10","9,586.20","9,694.70","9,362.40",0.17%
43880,"9,592.20","10,184.00","10,309.00","9,350.30",-5.80%
43879,"10,183.00","9,708.00","10,275.00","9,625.90",4.89%
43878,"9,708.00","9,929.70","9,963.80","9,501.50",-2.23%
43877,"9,929.70","9,901.00","10,037.00","9,651.40",0.29%
43876,"9,901.00","10,335.00","10,370.00","9,800.30",-4.20%
43875,"10,335.00","10,222.00","10,371.00","10,101.00",1.11%
43874,"10,222.00","10,338.00","10,489.00","10,080.00",-1.13%
43873,"10,339.00","10,249.00","10,458.00","10,238.00",0.90%
43872,"10,247.00","9,851.20","10,316.00","9,720.00",4.03%
43871,"9,850.20","10,151.50","10,187.00","9,737.80",-2.96%
43870,"10,151.00","9,877.30","10,161.00","9,871.10",2.77%
43869,"9,877.20","9,805.20","9,920.70","9,657.80",0.73%
43868,"9,805.20","9,745.00","9,859.60","9,695.50",0.62%
43867,"9,744.90","9,612.00","9,860.00","9,547.00",1.38%
43866,"9,612.00","9,197.50","9,731.20","9,180.20",4.51%
43865,"9,197.40","9,309.20","9,359.80","9,112.50",-1.20%
43864,"9,309.30","9,353.10","9,625.30","9,247.10",-0.47%
43863,"9,353.10","9,408.00","9,501.00","9,175.40",-0.61%
43862,"9,410.60","9,371.30","9,476.40","9,318.10",0.46%
43861,"9,367.40","9,512.70","9,519.90","9,221.90",-1.53%
43860,"9,512.70","9,305.10","9,550.00","9,175.70",2.24%
43859,"9,304.20","9,390.90","9,442.00","9,244.40",-0.95%
43858,"9,393.70","8,912.10","9,413.00","8,912.10",5.41%
43857,"8,912.00","8,622.00","9,001.80","8,585.20",3.37%
43856,"8,621.60","8,351.10","8,622.00","8,303.60",3.21%
43855,"8,353.70","8,447.10","8,447.20","8,280.00",-1.11%
43854,"8,447.10","8,403.60","8,521.80","8,247.70",0.52%
43853,"8,403.50","8,668.90","8,669.30","8,296.90",-3.01%
43852,"8,663.90","8,734.20","8,799.90","8,580.60",-0.80%
43851,"8,734.10","8,638.20","8,782.80","8,512.20",1.11%
43850,"8,638.20","8,698.60","8,741.10","8,519.60",-0.64%
43849,"8,694.00","8,891.60","9,169.50","8,455.70",-2.22%
43848,"8,891.50","8,873.10","8,965.00","8,794.20",0.18%
43847,"8,875.40","8,719.50","8,994.90","8,674.20",1.78%
43846,"8,720.60","8,810.90","8,839.90","8,579.80",-0.99%
43845,"8,807.70","8,760.80","8,873.00","8,560.20",0.37%
43844,"8,775.60","8,104.10","8,829.00","8,099.30",8.41%
43843,"8,094.50","8,174.90","8,198.30","8,053.60",-0.98%
43842,"8,174.70","8,013.60","8,174.70","7,951.70",2.01%
43841,"8,013.80","8,184.30","8,271.90","7,994.60",-1.99%
43840,"8,176.30","7,817.40","8,177.80","7,678.50",4.59%
43839,"7,817.50","8,036.80","8,036.80","7,756.20",-2.73%
43838,"8,036.80","8,158.20","8,442.00","7,882.80",-1.39%
43837,"8,150.00","7,759.50","8,200.10","7,741.90",5.05%
43836,"7,757.90","7,364.70","7,784.90","7,358.00",5.34%
43835,"7,364.60","7,370.30","7,509.90","7,315.80",-0.07%
43834,"7,369.80","7,371.80","7,422.00","7,297.70",0.03%
43833,"7,367.50","6,989.40","7,437.60","6,909.30",5.41%
43832,"6,989.40","7,212.70","7,225.20","6,963.00",-3.10%
43831,"7,212.70","7,208.20","7,268.80","7,185.40",0.06%
44196,"7,208.30","7,261.00","7,333.00","7,161.30",-0.72%
44195,"7,260.90","7,413.00","7,421.60","7,217.70",-2.12%
44194,"7,417.90","7,333.20","7,551.60","7,311.80",1.14%
44193,"7,334.40","7,293.60","7,389.90","7,280.50",0.65%
44192,"7,287.00","7,235.30","7,300.00","7,114.10",0.75%
44191,"7,232.40","7,220.10","7,464.30","7,189.00",0.17%
44190,"7,220.10","7,270.00","7,287.40","7,144.80",-0.78%
44189,"7,276.90","7,346.20","7,445.00","7,182.90",-0.96%
44188,"7,347.40","7,538.90","7,715.00","7,283.10",-2.45%
44187,"7,532.00","7,166.30","7,541.30","7,159.60",5.10%
44186,"7,166.40","7,213.00","7,215.10","7,145.20",-0.65%
44185,"7,212.90","7,181.80","7,249.00","7,116.80",0.43%
44184,"7,181.80","7,326.90","7,412.50","7,089.10",-1.93%
44183,"7,323.40","6,667.10","7,480.20","6,479.40",9.84%
44182,"6,667.10","6,926.60","6,972.00","6,624.30",-3.75%
44181,"6,926.80","7,152.70","7,189.90","6,900.00",-3.16%
44180,"7,152.70","7,100.80","7,218.60","7,046.60",0.73%
44179,"7,100.80","7,283.10","7,290.50","7,038.50",-2.50%
44178,"7,283.20","7,224.10","7,331.90","7,218.70",0.82%
44177,"7,224.00","7,231.20","7,325.60","7,133.80",-0.09%
44176,"7,230.70","7,254.70","7,296.20","7,170.10",-0.33%
44175,"7,254.60","7,373.80","7,433.00","7,207.50",-1.69%
44174,"7,379.50","7,563.80","7,701.10","7,309.10",-2.45%
44173,"7,564.60","7,543.20","7,620.00","7,433.60",0.28%
44172,"7,543.20","7,584.70","7,665.10","7,520.10",-0.59%
44171,"7,588.30","7,439.90","7,648.60","7,350.10",1.99%
44170,"7,440.00","7,239.30","7,522.80","7,193.70",2.79%
44169,"7,238.20","7,336.90","7,887.70","7,134.10",-1.33%
44168,"7,336.00","7,350.20","7,453.50","7,288.00",-0.19%
44167,"7,350.30","7,450.10","7,467.30","7,209.40",-1.34%
44166,"7,450.10","7,599.90","7,600.10","7,288.70",-1.97%
44165,"7,599.90","7,796.50","7,849.60","7,495.00",-2.52%
44164,"7,796.60","7,460.70","7,916.30","7,450.00",4.50%
44163,"7,460.80","7,547.30","7,683.00","7,415.00",-1.17%
44162,"7,549.30","7,198.30","7,689.00","6,880.00",4.88%
44161,"7,198.30","7,162.80","7,384.70","7,061.20",0.42%
44160,"7,168.00","6,965.20","7,413.60","6,619.40",2.91%
44159,"6,965.30","7,352.70","7,372.00","6,922.00",-5.27%
44158,"7,352.60","7,318.60","7,385.00","7,141.00",0.40%
44157,"7,323.00","7,672.50","7,763.30","6,820.10",-4.54%
44156,"7,671.10","8,126.40","8,155.90","7,510.10",-5.60%
44155,"8,126.40","8,164.90","8,255.00","8,081.00",-0.47%
44154,"8,164.90","8,219.50","8,241.90","8,055.20",-0.66%
44153,"8,219.50","8,536.70","8,536.80","8,119.00",-3.72%
44152,"8,537.30","8,523.40","8,662.90","8,422.00",0.16%
44151,"8,523.50","8,494.80","8,553.10","8,442.70",0.33%
44150,"8,495.80","8,655.50","8,798.10","8,420.20",-1.85%
44149,"8,655.70","8,800.90","8,817.40","8,601.40",-1.65%
44148,"8,801.10","8,830.00","8,849.30","8,730.30",-0.33%
44147,"8,830.00","8,737.70","8,891.50","8,602.10",1.06%
44146,"8,737.70","9,069.70","9,107.30","8,633.40",-3.65%
44145,"9,068.40","8,827.10","9,156.90","8,764.00",2.72%
44144,"8,828.00","8,782.30","8,891.40","8,735.90",0.52%
44143,"8,782.40","9,209.20","9,252.40","8,688.10",-4.62%
44142,"9,208.00","9,355.00","9,387.10","9,086.50",-1.55%
44141,"9,353.00","9,334.00","9,475.00","9,278.00",0.20%
44140,"9,333.90","9,440.00","9,504.10","9,200.00",-1.14%
44139,"9,441.20","9,223.00","9,621.80","9,152.00",2.37%
44138,"9,222.40","9,332.20","9,400.60","9,100.00",-1.18%
44137,"9,332.10","9,288.40","9,429.40","9,251.80",0.46%
44136,"9,289.10","9,185.60","9,332.10","9,087.40",1.13%
44135,"9,185.60","9,184.40","9,460.70","8,984.80",0.01%
44134,"9,184.30","9,445.50","9,446.90","9,035.00",-2.77%
44133,"9,445.50","9,229.20","9,558.30","9,101.30",2.38%
44132,"9,225.70","9,574.10","9,948.00","9,216.80",-3.62%
44131,"9,571.80","9,270.90","9,815.60","9,121.60",3.25%
44130,"9,270.90","8,679.30","10,464.10","8,662.90",6.82%
44129,"8,679.10","7,453.00","8,800.00","7,426.00",16.45%
44128,"7,453.00","7,493.60","7,529.00","7,372.00",-0.54%
44127,"7,493.70","8,053.70","8,074.50","7,341.50",-7.01%
44126,"8,058.90","8,242.20","8,332.20","8,037.10",-2.24%
44125,"8,243.90","8,260.70","8,371.30","8,181.80",-0.20%
44124,"8,260.60","7,993.00","8,335.60","7,922.00",3.35%
44123,"7,992.90","7,987.30","8,117.00","7,927.00",0.07%
44122,"7,987.20","8,092.40","8,135.10","7,860.00",-1.30%
44121,"8,092.30","8,016.10","8,144.90","7,949.30",0.95%
44120,"8,016.00","8,191.00","8,203.20","7,960.00",-2.14%
44119,"8,191.10","8,370.00","8,433.70","8,123.60",-2.14%
44118,"8,370.00","8,304.90","8,423.50","8,230.10",0.77%
44117,"8,305.70","8,319.60","8,477.40","8,179.30",-0.15%
44116,"8,318.30","8,278.20","8,421.00","8,272.50",0.46%
44115,"8,280.00","8,596.00","8,815.20","8,253.00",-3.68%
44114,"8,596.00","8,610.40","8,682.80","8,472.00",-0.13%
44113,"8,607.50","8,205.00","8,717.90","8,146.60",4.83%
44112,"8,211.20","8,234.60","8,362.00","8,132.80",-0.19%
44111,"8,227.00","7,886.20","8,342.00","7,794.90",4.36%
44110,"7,883.10","8,162.50","8,183.10","7,807.10",-3.42%
44109,"8,162.50","8,170.10","8,210.70","8,040.00",-0.09%
44108,"8,170.00","8,260.50","8,264.90","8,040.00",-1.06%
44107,"8,257.90","8,414.90","8,440.00","8,100.70",-1.85%
44106,"8,413.40","8,333.70","8,419.90","8,193.50",0.94%
44105,"8,334.90","8,331.10","8,539.00","8,228.00",0.05%
44104,"8,331.10","8,090.10","8,384.00","7,753.00",2.98%
44103,"8,090.00","8,238.20","8,260.20","7,930.70",-1.80%
44102,"8,238.60","8,215.30","8,354.70","8,047.90",0.31%
44101,"8,213.40","8,105.90","8,296.50","7,906.30",1.35%
44100,"8,103.60","8,475.30","8,489.90","7,800.10",-4.38%
44099,"8,474.70","8,535.00","8,770.00","8,266.10",-0.86%
44098,"8,547.90","9,702.60","9,788.10","8,110.10",-11.90%
44097,"9,702.60","10,055.00","10,077.00","9,627.50",-3.48%
44096,"10,052.00","10,012.00","10,105.00","9,881.40",0.39%
44095,"10,013.00","10,197.00","10,199.00","9,958.10",-1.81%
44094,"10,198.00","10,303.00","10,340.00","10,105.00",-1.00%
44093,"10,301.00","10,185.00","10,417.00","9,655.00",1.14%
44092,"10,185.00","10,214.10","10,278.00","10,111.00",-0.28%
44091,"10,214.10","10,290.00","10,308.00","10,171.00",-0.79%
44090,"10,295.00","10,321.00","10,399.00","10,100.00",-0.26%
44089,"10,322.00","10,381.00","10,402.00","10,287.00",-0.55%
44088,"10,379.00","10,374.00","10,478.00","10,256.00",0.05%
44087,"10,374.00","10,452.00","10,475.00","10,170.00",-0.75%
44086,"10,452.00","10,174.20","10,488.00","10,065.10",2.72%
44085,"10,175.00","10,121.00","10,297.00","9,866.50",0.52%
44084,"10,122.00","10,317.00","10,399.00","9,961.70",-1.90%
44083,"10,318.00","10,417.00","10,542.00","10,118.60",-0.93%
44082,"10,415.00","10,489.00","10,599.00","10,257.00",-0.70%
44081,"10,488.00","10,305.00","10,581.00","10,305.00",1.66%
44080,"10,317.00","10,582.90","10,933.00","10,218.00",-2.47%
44079,"10,578.70","10,593.00","10,663.00","10,483.00",-0.11%
44078,"10,590.00","10,642.00","10,841.20","10,411.00",-0.48%
44077,"10,641.00","10,401.00","10,766.00","10,300.00",2.44%
44076,"10,388.00","9,783.00","10,473.00","9,754.90",6.23%
44075,"9,779.10","9,623.90","9,858.00","9,560.10",1.61%
44074,"9,623.90","9,600.70","9,710.20","9,472.10",0.24%
44073,"9,601.00","9,509.40","9,710.00","9,384.30",0.97%
44072,"9,509.00","9,727.30","9,727.30","9,360.40",-2.25%
44071,"9,727.40","10,190.00","10,303.00","9,585.30",-4.48%
44070,"10,184.00","10,376.20","10,392.00","10,036.90",-1.86%
44069,"10,377.00","10,144.00","10,654.00","10,144.00",2.42%
44068,"10,132.00","10,162.00","10,349.00","9,881.10",-0.20%
44067,"10,152.00","10,414.00","10,427.00","9,900.00",-2.46%
44066,"10,408.00","10,117.00","10,461.00","10,063.00",2.88%
44065,"10,117.00","10,147.00","10,247.00","9,790.00",-0.29%
44064,"10,146.00","10,795.00","10,825.00","9,880.00",-5.99%
44063,"10,793.00","10,947.00","10,986.00","10,588.00",-1.32%
44062,"10,937.00","10,329.00","10,960.00","10,280.00",5.91%
44061,"10,327.00","10,230.00","10,529.00","10,086.00",0.97%
44060,"10,228.00","10,372.00","10,487.00","10,004.10",-1.33%
44059,"10,366.00","10,324.00","10,568.00","9,783.40",0.38%
44058,"10,327.00","10,067.00","10,470.00","9,522.50",2.58%
44057,"10,067.00","10,904.00","10,909.00","9,980.00",-7.68%
44056,"10,904.00","11,411.00","11,468.00","10,801.00",-4.38%
44055,"11,404.00","11,577.00","11,578.80","11,272.00",-1.57%
44054,"11,586.00","11,308.00","11,594.00","11,158.00",2.40%
44053,"11,314.00","11,892.00","12,003.00","11,263.00",-4.87%
44052,"11,893.00","12,051.00","12,092.70","11,711.00",-1.38%
44051,"12,060.00","11,999.00","12,126.00","11,570.00",0.53%
44050,"11,997.00","11,472.00","12,122.00","11,386.00",4.58%
44049,"11,471.20","11,824.00","12,307.00","11,268.00",-2.85%
44048,"11,808.00","10,974.00","11,938.00","10,973.00",7.61%
44047,"10,973.00","10,822.00","11,060.00","10,595.00",1.40%
44046,"10,822.00","10,520.00","10,910.00","10,506.00",2.88%
44045,"10,519.00","10,400.00","10,648.30","10,345.00",1.15%
44044,"10,399.00","10,096.00","10,500.00","9,899.90",3.08%
44043,"10,088.00","9,588.90","10,099.00","9,575.50",5.20%
44042,"9,589.00","9,503.50","9,736.00","9,401.60",0.86%
44041,"9,507.00","9,530.00","9,690.00","9,396.60",-0.13%
44040,"9,519.00","9,463.10","9,604.20","9,112.30",0.56%
44039,"9,465.70","9,840.30","10,189.00","9,300.30",-3.83%
44038,"9,842.50","9,888.00","9,899.00","9,672.00",-0.48%
44037,"9,890.10","9,772.00","10,180.00","9,735.00",1.22%
44036,"9,771.00","9,859.00","9,917.70","9,541.90",-0.85%
44035,"9,854.90","10,330.00","10,330.00","9,824.50",-4.59%
44034,"10,329.00","10,572.00","10,667.00","10,094.00",-2.27%
44033,"10,569.40","10,741.00","10,811.00","10,300.00",-1.59%
44032,"10,740.00","10,517.60","11,085.00","10,402.00",2.10%
44031,"10,519.00","10,624.00","10,759.00","10,132.70",-0.97%
44030,"10,622.00","9,691.20","10,750.00","9,271.60",9.70%
44029,"9,683.20","9,418.40","9,963.10","9,090.00",2.90%
44028,"9,410.00","10,813.00","10,991.00","9,378.00",-13.03%
44027,"10,820.00","10,193.00","11,043.00","9,920.60",6.01%
44026,"10,206.80","11,324.00","11,390.00","10,125.00",-9.77%
44025,"11,312.00","11,779.00","11,803.00","10,806.00",-3.85%
44024,"11,765.00","11,327.00","11,900.00","11,100.00",3.75%
44023,"11,340.00","12,092.00","12,092.00","11,006.00",-6.23%
44022,"12,093.00","12,564.00","13,173.00","11,572.00",-3.66%
44021,"12,553.00","12,301.50","12,811.00","12,173.00",2.05%
44020,"12,301.00","11,484.00","12,382.00","11,339.00",7.10%
44019,"11,486.00","11,276.00","11,618.00","11,121.60",1.80%
44018,"11,283.00","10,983.00","11,720.00","10,983.00",2.59%
44017,"10,998.00","11,141.00","11,440.00","10,802.00",-1.53%
44016,"11,169.00","12,000.00","12,063.50","11,057.00",-6.80%
44015,"11,984.00","10,903.00","12,004.00","10,903.00",10.29%
44014,"10,866.00","10,639.80","10,961.00","9,745.10",2.13%
44013,"10,639.00","10,777.00","11,221.00","10,099.00",-0.99%
44012,"10,745.00","11,973.00","12,229.00","10,705.00",-9.86%
44011,"11,921.00","12,350.70","12,350.70","11,375.00",-3.47%
44010,"12,349.00","11,183.00","12,404.00","10,812.00",10.26%
44009,"11,200.00","12,876.00","13,222.00","10,397.00",-13.02%
44008,"12,876.00","11,746.00","13,764.00","11,693.00",9.57%
44007,"11,751.00","11,070.00","11,780.00","10,992.40",6.32%
44006,"11,053.00","10,913.00","11,135.00","10,560.00",1.26%
44005,"10,916.00","10,745.00","11,368.00","10,576.00",1.56%
44004,"10,747.90","10,227.00","11,210.00","10,098.20",5.00%
44003,"10,236.00","9,557.80","10,249.00","9,557.80",7.10%
44002,"9,557.10","9,306.00","9,620.80","9,241.00",2.70%
44001,"9,305.90","9,094.90","9,339.90","9,062.00",2.31%
44000,"9,095.90","9,351.00","9,370.90","8,945.40",-2.78%
43999,"9,356.00","8,986.00","9,489.90","8,986.00",4.12%
43998,"8,986.00","8,852.80","9,389.60","8,803.00",1.47%
43997,"8,856.00","8,689.00","8,904.10","8,611.00",1.92%
43996,"8,689.10","8,230.00","8,714.90","8,163.30",5.61%
43995,"8,227.40","8,177.60","8,333.00","8,038.90",0.64%
43994,"8,175.40","7,903.10","8,238.80","7,822.30",3.43%
43993,"7,904.10","8,018.80","8,048.90","7,711.30",-1.37%
43992,"8,013.70","7,622.50","8,046.30","7,523.30",4.90%
43991,"7,639.20","7,924.00","7,961.00","7,502.50",-3.60%
43990,"7,924.60","8,002.10","8,064.80","7,802.00",-0.84%
43989,"7,991.50","7,816.90","8,123.50","7,769.10",2.38%
43988,"7,805.60","7,766.30","7,870.60","7,461.00",0.21%
43987,"7,789.30","7,692.80","7,931.00","7,603.00",1.25%
43986,"7,692.80","8,088.00","8,088.00","7,524.50",-5.07%
43985,"8,103.40","8,740.10","8,740.10","8,050.10",-7.28%
43984,"8,740.00","8,546.90","8,818.00","8,540.00",2.26%
43983,"8,547.00","8,531.90","8,625.00","8,452.00",0.16%
43982,"8,533.30","8,268.50","8,550.00","8,112.40",3.18%
43981,"8,269.90","8,681.20","9,100.00","8,019.70",-4.73%
43980,"8,680.90","8,738.10","8,794.90","8,490.00",-0.69%
43979,"8,740.90","8,806.10","8,843.70","8,558.30",-0.74%
43978,"8,806.00","8,730.00","8,951.00","8,661.00",0.87%
43977,"8,729.90","8,054.90","8,820.00","7,880.20",8.38%
43976,"8,054.90","7,990.00","8,135.00","7,950.40",0.75%
43975,"7,994.90","7,872.10","8,158.60","7,801.60",1.56%
43974,"7,872.40","7,619.90","7,957.10","7,496.30",3.30%
43973,"7,621.10","7,933.60","8,030.00","7,507.90",-3.98%
43972,"7,937.00","7,990.50","8,089.90","7,819.70",-0.60%
43971,"7,985.00","8,188.30","8,188.30","7,601.00",-2.50%
43970,"8,189.50","7,260.10","8,263.20","7,252.00",12.80%
43969,"7,260.00","7,418.30","7,509.10","7,210.60",-2.10%
43968,"7,415.40","7,857.50","7,905.70","7,067.40",-5.62%
43967,"7,857.00","8,135.50","8,307.70","7,750.10",-3.39%
43966,"8,132.90","7,951.90","8,208.90","7,837.60",2.19%
43965,"7,958.30","7,753.20","8,194.10","7,684.10",2.65%
43964,"7,753.20","6,980.10","8,049.90","6,883.90",11.08%
43963,"6,979.90","7,125.10","7,448.00","6,860.00",-2.19%
43962,"7,136.40","6,438.70","7,278.30","6,438.70",10.84%
43961,"6,438.70","6,262.00","6,522.00","6,212.60",2.88%
43960,"6,258.40","6,201.90","6,309.00","6,165.00",0.93%
43959,"6,201.00","6,096.60","6,220.40","6,024.10",1.86%
43958,"6,087.90","6,027.90","6,290.00","6,027.90",1.00%
43957,"6,027.90","6,042.00","6,100.30","5,906.80",-0.23%
43956,"6,042.00","6,098.20","6,112.00","5,956.20",-0.92%
43955,"6,098.30","6,019.90","6,149.10","5,868.20",1.37%
43954,"6,016.00","5,729.60","6,139.90","5,716.50",5.11%
43953,"5,723.80","5,629.50","5,779.80","5,618.00",1.67%
43952,"5,629.60","5,599.60","5,655.00","5,585.50",0.54%
43951,"5,599.50","5,480.00","5,612.00","5,454.90",2.18%
43950,"5,480.10","5,486.80","5,515.20","5,370.30",-0.12%
43949,"5,486.80","5,400.60","5,542.20","5,400.60",1.57%
43948,"5,401.80","5,410.90","5,456.90","5,355.40",-0.17%
43947,"5,410.80","5,215.60","5,517.10","5,174.10",3.68%
43946,"5,219.00","5,479.60","5,556.80","5,065.20",-4.77%
43945,"5,480.30","5,547.10","5,647.40","5,415.00",-1.27%
43944,"5,550.90","5,417.80","5,645.00","5,395.20",2.46%
43943,"5,417.80","5,320.30","5,447.50","5,276.50",1.80%
43942,"5,321.90","5,340.10","5,366.10","5,259.40",-0.34%
43941,"5,340.00","5,314.10","5,375.60","5,289.20",0.49%
43940,"5,314.00","5,310.80","5,371.10","5,225.00",0.06%
43939,"5,310.80","5,254.50","5,339.30","5,254.00",1.07%
43938,"5,254.50","5,234.30","5,291.10","5,224.70",0.39%
43937,"5,234.30","5,042.80","5,256.20","5,030.00",3.67%
43936,"5,049.20","5,190.10","5,217.10","5,000.70",-2.79%
43935,"5,194.30","5,103.70","5,209.00","5,064.20",1.81%
43934,"5,101.80","5,114.10","5,160.80","5,075.30",-0.24%
43933,"5,114.00","5,059.00","5,134.90","4,935.20",0.95%
43932,"5,065.80","5,315.50","5,340.00","5,001.10",-4.63%
43931,"5,311.70","5,213.00","5,487.40","5,200.50",1.83%
43930,"5,216.30","5,312.40","5,312.50","5,173.50",-1.81%
43929,"5,312.50","5,238.90","5,361.70","5,148.50",1.42%
43928,"5,238.10","5,091.10","5,313.10","5,075.00",2.90%
43927,"5,090.50","5,080.40","5,280.00","4,968.10",0.20%
43926,"5,080.40","4,939.30","5,130.00","4,930.10",2.87%
43925,"4,938.90","4,976.90","5,099.90","4,834.00",-0.79%
43924,"4,978.00","4,929.30","5,330.10","4,849.10",1.03%
43923,"4,927.10","4,196.90","5,079.40","4,189.70",17.40%
43922,"4,196.80","4,167.50","4,220.80","4,127.20",0.70%
43921,"4,167.60","4,165.10","4,181.40","4,153.10",0.06%
43920,"4,165.10","4,179.10","4,210.00","4,117.20",-0.33%
43919,"4,179.00","4,092.60","4,188.00","4,084.70",2.11%
43918,"4,092.60","4,102.70","4,104.00","4,066.40",-0.24%
43917,"4,102.50","3,992.70","4,109.60","3,979.60",2.78%
43916,"3,991.70","3,970.00","3,994.80","3,951.00",0.55%
43915,"3,970.00","4,041.40","4,049.90","3,939.10",-1.77%
43914,"4,041.40","4,063.00","4,063.20","4,011.50",-0.54%
43913,"4,063.20","4,045.20","4,076.30","4,038.50",0.44%
43912,"4,045.30","4,044.80","4,064.60","4,035.10",0.01%
43911,"4,044.80","4,127.20","4,138.70","4,005.20",-2.00%
43910,"4,127.20","4,104.60","4,136.20","4,073.90",0.55%
43909,"4,104.70","4,073.70","4,118.00","4,056.60",0.77%
43908,"4,073.50","4,069.00","4,119.90","4,035.60",0.11%
43907,"4,068.90","4,088.00","4,088.30","4,041.10",-0.47%
43906,"4,088.00","4,003.10","4,152.70","4,003.10",2.12%
43905,"4,003.10","3,948.30","4,011.00","3,948.30",1.39%
43904,"3,948.30","3,946.20","4,000.10","3,882.80",0.01%
43903,"3,947.90","3,954.90","3,972.10","3,925.10",-0.16%
43902,"3,954.10","3,950.70","3,979.50","3,895.20",0.13%
43901,"3,949.00","4,000.00","4,009.20","3,920.70",-1.28%
43900,"4,000.00","4,017.30","4,017.30","3,961.80",-0.43%
43899,"4,017.30","3,940.50","4,046.20","3,933.90",1.95%
43898,"3,940.50","3,964.70","4,020.90","3,863.70",-0.61%
43897,"3,964.70","3,951.50","3,989.60","3,935.70",0.34%
43896,"3,951.40","3,951.60","3,984.10","3,912.40",-0.01%
43895,"3,951.60","3,800.00","3,966.90","3,786.20",3.99%
43894,"3,800.00","3,884.80","3,908.10","3,767.10",-2.18%
43893,"3,884.80","3,913.00","3,923.40","3,856.70",-0.72%
43892,"3,913.00","3,915.00","3,924.00","3,850.00",-0.03%
43891,"3,914.00","3,894.00","3,948.70","3,893.00",0.51%
43889,"3,894.00","3,900.10","3,988.00","3,875.00",-0.22%
43888,"3,902.70","3,896.80","3,934.00","3,767.00",0.15%
43887,"3,896.80","3,919.30","3,934.10","3,870.40",-0.64%
43886,"3,921.80","3,825.00","3,965.00","3,825.00",2.34%
43885,"3,832.00","4,212.20","4,282.40","3,812.00",-9.02%
43884,"4,211.70","4,058.20","4,255.00","4,014.50",3.78%
43883,"4,058.30","4,008.80","4,074.00","3,991.30",1.23%
43882,"4,008.80","4,053.70","4,122.00","3,975.30",-1.14%
43881,"4,055.00","3,989.90","4,070.00","3,969.20",1.63%
43880,"3,989.90","3,978.40","4,081.40","3,943.40",0.30%
43879,"3,978.10","3,734.50","4,019.90","3,723.90",6.52%
43878,"3,734.50","3,676.50","3,788.80","3,668.90",1.58%
43877,"3,676.40","3,670.10","3,724.90","3,666.00",0.18%
43876,"3,670.00","3,656.70","3,716.30","3,644.50",0.36%
43875,"3,656.70","3,665.50","3,681.10","3,641.10",-0.26%
43874,"3,666.10","3,694.10","3,735.40","3,650.40",-0.76%
43873,"3,694.20","3,681.00","3,728.00","3,645.30",0.36%
43872,"3,681.10","3,749.70","3,749.70","3,672.00",-1.74%
43871,"3,746.30","3,718.30","3,753.50","3,667.10",0.75%
43870,"3,718.40","3,724.10","3,739.10","3,688.80",-0.15%
43869,"3,724.00","3,439.00","3,799.60","3,427.80",8.38%
43868,"3,436.10","3,451.90","3,462.30","3,429.30",-0.46%
43867,"3,452.00","3,512.60","3,521.00","3,417.60",-1.73%
43866,"3,512.60","3,490.40","3,517.00","3,475.90",0.63%
43865,"3,490.50","3,504.20","3,522.60","3,475.30",-0.32%
43864,"3,501.70","3,564.50","3,566.80","3,470.10",-1.76%
43863,"3,564.30","3,534.80","3,575.40","3,500.80",0.79%
43862,"3,536.20","3,502.70","3,557.20","3,465.00",1.00%
43861,"3,501.10","3,529.70","3,565.70","3,482.20",-0.81%
43860,"3,529.60","3,478.00","3,548.00","3,451.50",1.49%
43859,"3,477.90","3,501.10","3,512.50","3,427.20",-0.68%
43858,"3,501.90","3,597.10","3,597.90","3,450.30",-2.65%
43857,"3,597.10","3,630.70","3,642.50","3,544.00",-0.93%
43856,"3,630.70","3,629.00","3,745.80","3,624.80",0.05%
43855,"3,628.90","3,653.00","3,663.40","3,582.10",-0.65%
43854,"3,652.60","3,621.70","3,670.00","3,589.90",0.90%
43853,"3,619.90","3,639.00","3,677.00","3,591.20",-0.53%
43852,"3,639.10","3,579.40","3,676.30","3,488.30",1.67%
43851,"3,579.40","3,588.60","3,614.80","3,550.00",-0.19%
43850,"3,586.10","3,762.30","3,796.00","3,548.30",-4.62%
43849,"3,760.00","3,674.10","3,858.50","3,673.90",2.29%
43848,"3,675.70","3,722.50","3,723.90","3,652.40",-1.27%
43847,"3,723.00","3,671.30","3,725.00","3,610.00",1.41%
43846,"3,671.20","3,657.00","3,750.00","3,642.90",0.40%
43845,"3,656.50","3,749.30","3,769.50","3,625.10",-2.48%
43844,"3,749.30","3,591.00","3,798.70","3,581.80",4.41%
43843,"3,591.00","3,702.00","3,712.90","3,570.00",-3.00%
43842,"3,702.00","3,712.80","3,734.00","3,674.40",-0.38%
43841,"3,716.10","3,712.80","3,777.40","3,666.60",0.09%
43840,"3,712.80","4,083.30","4,136.10","3,687.20",-9.07%
43839,"4,083.20","4,100.00","4,165.50","4,036.00",-0.41%
43838,"4,100.00","4,113.90","4,210.00","4,056.20",-0.34%
43837,"4,113.90","4,170.90","4,196.90","4,078.50",-1.38%
43836,"4,171.50","3,911.00","4,214.50","3,892.90",6.66%
43835,"3,911.00","3,954.80","4,014.90","3,901.40",-1.11%
43834,"3,954.90","3,923.20","3,985.80","3,853.30",0.81%
43833,"3,923.20","4,049.90","4,055.10","3,882.00",-3.09%
43832,"4,048.50","3,963.10","4,082.20","3,920.10",2.16%
43831,"3,963.00","3,832.60","3,981.90","3,788.40",3.46%
44196,"3,830.50","3,976.70","3,986.90","3,779.50",-3.72%
44195,"3,978.30","3,893.80","4,003.00","3,845.20",2.35%
44194,"3,887.00","4,033.90","4,099.70","3,864.60",-3.71%
44193,"4,036.70","3,712.00","4,094.90","3,696.30",8.67%
44192,"3,714.70","3,930.00","3,954.90","3,688.00",-5.47%
44191,"3,929.80","3,909.70","3,990.00","3,812.10",0.51%
44190,"3,909.70","4,140.70","4,152.10","3,815.50",-5.68%
44189,"4,145.20","4,071.70","4,384.00","4,069.00",1.71%
44188,"4,075.70","4,135.00","4,210.00","4,036.80",-1.43%
44187,"4,135.00","3,975.90","4,147.30","3,919.50",4.00%
44186,"3,976.10","4,214.60","4,283.00","3,913.30",-5.66%
44185,"4,214.50","3,810.00","4,275.70","3,788.60",10.62%
44184,"3,810.00","3,780.10","4,041.10","3,758.00",0.79%
44183,"3,780.10","3,625.00","3,780.90","3,551.00",4.28%
44182,"3,625.10","3,299.90","3,711.50","3,285.50",9.85%
44181,"3,299.90","3,282.20","3,380.30","3,278.00",0.45%
44180,"3,285.10","3,281.60","3,323.80","3,216.10",0.07%
44179,"3,282.80","3,354.40","3,390.80","3,226.40",-2.13%
44178,"3,354.40","3,535.60","3,539.10","3,322.20",-5.13%
44177,"3,535.60","3,435.30","3,611.20","3,415.10",2.92%
44176,"3,435.30","3,523.50","3,549.60","3,384.00",-2.54%
44175,"3,524.90","3,642.10","3,697.90","3,475.80",-3.15%
44174,"3,639.60","3,506.00","3,766.60","3,469.70",3.81%
44173,"3,506.00","3,460.00","3,784.80","3,316.20",1.33%
44172,"3,460.00","3,528.60","3,624.80","3,278.40",-2.02%
44171,"3,531.30","3,770.50","3,908.00","3,506.00",-6.21%
44170,"3,765.30","3,982.20","4,000.10","3,751.10",-5.44%
44169,"3,981.90","3,903.80","4,131.10","3,793.10",2.07%
44168,"3,901.20","4,172.90","4,178.50","3,836.20",-6.21%
44167,"4,159.70","4,241.40","4,353.20","4,127.20",-1.96%
44166,"4,243.00","4,043.60","4,339.00","3,978.80",5.07%
44165,"4,038.30","4,323.30","4,357.40","3,966.20",-6.37%
44164,"4,312.90","4,331.40","4,472.00","4,180.60",0.15%
44163,"4,306.30","3,902.30","4,439.60","3,889.90",10.86%
44162,"3,884.40","3,850.10","3,941.60","3,713.20",0.68%
44161,"3,858.00","4,111.30","4,196.40","3,708.10",-5.62%
44160,"4,087.80","3,934.90","4,211.30","3,663.00",4.02%
44159,"3,929.80","4,422.80","4,515.20","3,834.70",-11.14%
44158,"4,422.70","4,370.80","4,482.00","4,251.00",0.69%
44157,"4,392.40","4,672.10","4,716.80","4,388.50",-5.88%
44156,"4,666.60","4,572.80","4,773.40","4,429.90",1.45%
44155,"4,600.10","4,944.90","5,048.00","4,318.10",-6.84%
44154,"4,938.10","5,650.30","5,650.30","4,890.90",-12.75%
44153,"5,659.40","5,637.20","5,716.00","5,621.00",0.58%
44152,"5,626.70","5,655.70","5,659.20","5,573.60",-0.60%
44151,"5,660.50","5,731.90","5,756.80","5,555.00",-1.61%
44150,"5,753.40","5,922.30","5,929.20","5,441.50",-2.23%
44149,"5,884.60","6,458.90","6,485.00","5,705.00",-8.97%
44148,"6,464.40","6,447.00","6,497.50","6,403.50",0.27%
44147,"6,446.90","6,481.00","6,481.00","6,418.80",-0.05%
44146,"6,450.00","6,431.00","6,459.90","6,364.00",0.29%
44145,"6,431.10","6,414.50","6,461.70","6,414.50",0.17%
44144,"6,420.20","6,479.50","6,502.90","6,392.60",-0.92%
44143,"6,479.60","6,573.00","6,585.00","6,477.00",-1.42%
44142,"6,572.70","6,519.00","6,607.10","6,512.20",0.88%
44141,"6,515.20","6,475.00","6,515.30","6,447.80",0.70%
44140,"6,470.10","6,495.20","6,495.20","6,439.40",-0.23%
44139,"6,485.20","6,389.20","6,509.40","6,360.10",1.52%
44138,"6,387.90","6,432.20","6,432.20","6,334.70",-0.61%
44137,"6,426.90","6,407.10","6,454.80","6,391.60",0.43%
44136,"6,399.70","6,374.80","6,423.20","6,353.50",0.49%
44135,"6,368.40","6,330.10","6,406.40","6,248.20",0.60%
44134,"6,330.10","6,347.10","6,380.00","6,313.20",-0.22%
44133,"6,344.00","6,490.20","6,505.00","6,320.90",-2.25%
44132,"6,490.10","6,498.40","6,510.10","6,456.30",-0.16%
44131,"6,500.20","6,534.90","6,553.90","6,480.10",-0.48%
44130,"6,531.50","6,533.40","6,588.30","6,514.30",0.05%
44129,"6,528.10","6,554.00","6,566.00","6,500.10",-0.40%
44128,"6,554.10","6,550.00","6,623.00","6,543.20",0.06%
44127,"6,550.00","6,567.20","6,584.30","6,525.40",-0.26%
44126,"6,567.20","6,587.40","6,627.60","6,549.10",-0.37%
44125,"6,591.60","6,582.90","6,655.00","6,582.90",0.07%
44124,"6,586.70","6,517.00","6,609.70","6,511.30",0.91%
44123,"6,527.30","6,609.60","6,630.20","6,519.90",-1.30%
44122,"6,613.00","6,736.40","6,778.20","6,567.50",-1.84%
44121,"6,737.10","6,754.20","6,792.70","6,681.30",-0.25%
44120,"6,754.10","6,739.00","6,891.80","6,679.00",0.18%
44119,"6,742.00","6,322.70","7,704.20","6,300.00",6.42%
44118,"6,335.20","6,326.00","6,399.10","6,318.50",0.14%
44117,"6,326.50","6,288.60","6,331.40","6,288.60",0.53%
44116,"6,293.20","6,249.00","6,348.40","6,223.00",0.66%
44115,"6,252.00","6,628.00","6,628.00","6,223.80",-5.70%
44114,"6,630.20","6,659.70","6,659.70","6,529.70",-0.49%
44113,"6,663.00","6,679.70","6,680.60","6,608.50",-0.15%
44112,"6,673.20","6,617.00","6,718.40","6,585.90",1.09%
44111,"6,601.00","6,595.20","6,633.70","6,532.80",0.14%
44110,"6,592.00","6,639.90","6,648.20","6,564.50",-0.79%
44109,"6,644.70","6,594.30","6,666.90","6,548.00",0.98%
44108,"6,580.10","6,507.90","6,640.00","6,499.30",1.18%
44107,"6,503.20","6,527.50","6,552.50","6,428.10",-0.46%
44106,"6,533.30","6,602.00","6,638.40","6,514.10",-1.04%
44105,"6,601.90","6,625.90","6,659.60","6,521.00",-0.24%
44104,"6,618.10","6,590.00","6,656.50","6,533.30",0.20%
44103,"6,604.60","6,627.30","6,631.20","6,466.00",-0.46%
44102,"6,635.10","6,691.20","6,825.00","6,545.10",-0.86%
44101,"6,692.50","6,462.40","6,727.20","6,440.70",3.56%
44100,"6,462.40","6,442.80","6,552.70","6,385.80",0.43%
44099,"6,434.70","6,585.10","6,585.10","6,350.20",-2.28%
44098,"6,585.00","6,697.80","6,721.70","6,555.10",-1.86%
44097,"6,710.00","6,723.10","6,783.30","6,664.20",-0.19%
44096,"6,723.00","6,789.80","6,840.00","6,643.60",-0.59%
44095,"6,762.70","6,522.10","6,790.00","6,496.00",4.03%
44094,"6,500.50","6,392.80","6,535.00","6,357.20",1.71%
44093,"6,390.90","6,330.80","6,521.50","6,112.70",0.76%
44092,"6,342.80","6,243.00","6,384.00","6,229.20",1.42%
44091,"6,254.20","6,506.10","6,532.80","6,205.10",-3.76%
44090,"6,498.50","6,512.80","6,517.80","6,384.50",-0.23%
44089,"6,513.60","6,480.10","6,568.90","6,473.60",0.44%
44088,"6,485.00","6,495.00","6,593.00","6,355.60",0.15%
44087,"6,475.60","6,334.00","6,523.40","6,334.00",2.27%
44086,"6,332.00","6,290.90","6,355.00","6,203.10",0.65%
44085,"6,290.80","6,332.10","6,397.10","6,178.10",-0.27%
44084,"6,308.00","6,240.00","6,363.50","6,233.20",1.09%
44083,"6,239.90","6,184.90","6,427.60","6,142.20",0.89%
44082,"6,185.00","6,404.20","6,475.10","6,130.30",-3.42%
44081,"6,404.10","6,516.10","6,532.90","6,322.80",-1.71%
44080,"6,515.60","6,705.00","6,720.80","6,310.30",-2.90%
44079,"6,710.50","7,357.30","7,400.00","6,700.00",-8.81%
44078,"7,358.90","7,267.80","7,410.30","7,246.20",1.25%
44077,"7,268.00","7,304.70","7,341.40","7,200.10",-0.31%
44076,"7,290.40","7,197.50","7,367.00","7,137.20",1.29%
44075,"7,197.50","7,022.90","7,260.40","7,020.50",2.44%
44074,"7,025.90","6,986.10","7,084.00","6,889.00",0.45%
44073,"6,994.70","7,037.90","7,060.00","6,802.40",-0.72%
44072,"7,045.70","7,079.90","7,133.60","6,931.60",-0.48%
44071,"7,079.70","6,910.50","7,127.20","6,872.00",2.46%
44070,"6,909.50","6,707.00","6,911.60","6,653.50",3.00%
44069,"6,708.40","6,732.80","6,784.10","6,574.50",-0.36%
44068,"6,732.90","6,693.30","6,795.50","6,670.00",0.55%
44067,"6,695.90","6,530.50","6,728.30","6,462.70",2.58%
44066,"6,527.20","6,363.80","6,565.60","6,350.00",2.71%
44065,"6,354.90","6,479.10","6,885.00","6,253.00",-1.92%
44064,"6,479.10","6,255.20","6,500.00","6,245.00",3.57%
44063,"6,255.90","6,485.10","6,520.60","6,230.20",-3.53%
44062,"6,485.10","6,395.00","6,550.00","6,309.30",1.47%
44061,"6,391.20","6,585.90","6,615.00","6,301.90",-2.92%
44060,"6,583.30","6,312.00","6,588.70","6,290.20",4.27%
44059,"6,314.00","6,270.20","6,474.70","6,215.20",0.70%
44058,"6,270.10","6,188.60","6,623.80","6,181.10",1.31%
44057,"6,189.00","6,241.30","6,244.00","5,879.30",-1.01%
44056,"6,251.90","6,312.20","6,541.80","6,150.00",-0.98%
44055,"6,313.90","6,234.70","6,481.70","6,163.30",1.30%
44054,"6,232.70","6,147.00","6,485.70","6,008.20",1.40%
44053,"6,146.80","6,533.60","6,573.60","6,014.50",-5.86%
44052,"6,529.10","6,280.70","6,623.70","6,188.20",3.98%
44051,"6,279.20","6,718.80","6,720.10","6,131.00",-6.57%
44050,"6,720.50","6,940.10","7,149.90","6,678.80",-3.18%
44049,"6,941.30","7,025.80","7,149.90","6,847.00",-1.20%
44048,"7,025.80","7,013.20","7,089.70","6,890.20",0.18%
44047,"7,013.20","7,420.00","7,490.00","6,930.00",-5.48%
44046,"7,420.00","7,533.20","7,533.20","7,283.60",-1.53%
44045,"7,535.20","7,606.00","7,707.10","7,463.10",-0.97%
44044,"7,608.80","7,731.30","7,755.60","7,444.20",-1.58%
44043,"7,730.60","8,179.50","8,179.50","7,670.00",-5.49%
44042,"8,179.60","8,218.50","8,274.20","7,862.90",-0.50%
44041,"8,221.00","8,235.70","8,293.90","8,123.00",-0.31%
44040,"8,246.40","8,188.00","8,246.40","8,073.90",0.74%
44039,"8,185.70","7,933.50","8,280.30","7,815.10",3.11%
44038,"7,939.00","8,178.40","8,313.10","7,869.80",-2.90%
44037,"8,176.00","8,380.00","8,485.70","8,073.00",-2.60%
44036,"8,394.50","7,719.80","8,500.20","7,692.30",8.74%
44035,"7,719.80","7,397.70","7,800.70","7,374.10",4.31%
44034,"7,400.50","7,403.40","7,572.70","7,338.90",-0.04%
44033,"7,403.30","7,333.00","7,458.00","7,221.00",0.96%
44032,"7,333.10","7,473.60","7,681.00","7,278.20",-1.88%
44031,"7,473.50","7,379.80","7,559.90","7,282.90",1.28%
44030,"7,379.40","7,320.00","7,586.50","7,249.90",0.81%
44029,"7,319.80","6,734.30","7,462.90","6,667.40",8.78%
44028,"6,729.20","6,347.70","6,750.00","6,328.90",6.02%
44027,"6,347.20","6,250.00","6,388.90","6,232.30",1.55%
44026,"6,250.10","6,219.70","6,320.00","6,179.30",0.48%
44025,"6,220.00","6,240.60","6,335.10","6,133.40",-0.46%
44024,"6,249.00","6,377.70","6,377.70","6,080.80",-2.02%
44023,"6,377.80","6,299.00","6,402.80","6,287.70",1.21%
44022,"6,301.50","6,666.90","6,680.10","6,269.30",-5.48%
44021,"6,666.70","6,705.90","6,820.00","6,617.10",-0.60%
44020,"6,707.00","6,761.80","6,790.80","6,669.10",-0.81%
44019,"6,761.70","6,602.20","6,826.10","6,511.50",2.42%
44018,"6,602.10","6,531.60","6,636.90","6,452.90",0.95%
44017,"6,540.20","6,589.90","6,697.70","6,452.00",-0.76%
44016,"6,590.00","6,509.00","6,778.30","6,418.70",1.38%
44015,"6,500.00","6,617.60","6,672.40","6,470.50",-1.24%
44014,"6,581.30","6,617.60","6,672.40","6,539.00",3.65%
44013,"6,349.70","6,391.50","6,435.00","6,260.20",-0.65%
44012,"6,391.50","6,208.20","6,518.10","6,195.80",2.95%
44011,"6,208.10","5,848.10","6,273.00","5,782.90",6.12%
44010,"5,850.00","6,133.10","6,167.70","5,829.90",-4.62%
44009,"6,133.10","6,073.50","6,181.40","5,989.00",0.90%
44008,"6,078.50","6,250.80","6,273.70","6,050.20",-2.69%
44007,"6,246.60","6,146.10","6,334.20","6,082.10",1.60%
44006,"6,148.00","6,151.90","6,249.70","5,762.90",-0.06%
44005,"6,152.00","6,041.00","6,253.90","6,014.00",1.81%
44004,"6,042.60","6,715.20","6,730.70","5,929.10",-9.99%
44003,"6,713.50","6,760.00","6,787.10","6,680.10",-0.69%
44002,"6,760.40","6,732.70","6,818.20","6,560.00",0.34%
44001,"6,737.50","6,711.60","6,832.90","6,666.20",0.42%
44000,"6,709.20","6,443.50","6,826.80","6,378.60",4.25%
43999,"6,435.70","6,491.00","6,573.00","6,426.90",-0.77%
43998,"6,485.90","6,386.20","6,557.20","6,330.00",1.58%
43997,"6,385.00","6,638.00","6,655.50","6,360.30",-3.75%
43996,"6,633.70","6,295.10","6,703.40","6,269.50",5.38%
43995,"6,295.20","6,543.10","6,611.70","6,125.70",-3.80%
43994,"6,543.90","6,873.20","6,873.20","6,441.00",-4.79%
43993,"6,873.30","6,757.30","6,897.00","6,631.00",1.72%
43992,"6,757.30","7,498.10","7,498.10","6,633.90",-9.89%
43991,"7,498.60","7,615.20","7,684.90","7,467.70",-1.53%
43990,"7,615.10","7,685.70","7,697.00","7,544.00",-0.96%
43989,"7,688.90","7,653.90","7,756.10","7,645.80",0.46%
43988,"7,654.00","7,621.90","7,698.00","7,495.20",0.42%
43987,"7,621.70","7,487.90","7,669.00","7,372.90",1.78%
43986,"7,488.30","7,718.00","7,761.50","7,457.50",-2.98%
43985,"7,718.00","7,639.00","7,777.40","7,600.00",1.05%
43984,"7,638.10","7,521.10","7,691.20","7,445.50",1.56%
43983,"7,521.00","7,485.90","7,599.80","7,344.80",0.47%
43982,"7,485.80","7,375.10","7,599.70","7,338.00",1.50%
43981,"7,375.10","7,465.30","7,557.50","7,279.60",-1.14%
43980,"7,460.00","7,104.00","7,527.90","7,048.60",5.10%
43979,"7,097.90","7,339.60","7,434.80","7,062.40",-3.29%
43978,"7,339.70","7,330.80","7,411.50","7,220.10",0.13%
43977,"7,330.30","7,456.70","7,621.70","7,286.10",-1.71%
43976,"7,458.00","7,576.00","7,654.10","7,323.10",-1.57%
43975,"7,576.70","7,503.30","7,718.00","7,260.90",1.09%
43974,"7,494.80","7,978.00","8,020.00","7,442.10",-6.05%
43973,"7,977.30","8,399.60","8,406.50","7,947.20",-4.96%
43972,"8,393.40","8,523.70","8,586.90","8,317.70",-1.53%
43971,"8,523.70","8,230.90","8,580.00","8,171.50",3.54%
43970,"8,232.30","8,238.90","8,400.10","8,142.00",-0.08%
43969,"8,239.00","8,054.80","8,276.60","7,927.80",2.32%
43968,"8,051.80","8,349.70","8,466.90","7,986.80",-3.41%
43967,"8,336.10","8,467.00","8,488.70","8,103.60",-1.55%
43966,"8,467.50","8,668.50","8,838.00","8,420.70",-2.34%
43965,"8,670.80","8,683.80","8,882.40","8,279.50",-0.15%
43964,"8,683.60","8,467.00","8,753.00","8,320.00",2.61%
43963,"8,462.70","8,419.50","8,631.60","8,204.50",0.60%
43962,"8,412.40","9,015.20","9,015.20","8,341.80",-6.72%
43961,"9,018.70","9,320.00","9,390.00","9,003.00",-3.21%
43960,"9,318.20","9,180.70","9,370.90","8,980.10",1.45%
43959,"9,184.70","9,356.40","9,469.70","9,052.30",-1.98%
43958,"9,370.00","9,659.00","9,675.70","9,200.00",-2.99%
43957,"9,658.70","9,859.60","9,963.90","9,455.00",-2.04%
43956,"9,859.60","9,702.90","9,990.00","9,685.90",1.62%
43955,"9,702.80","9,759.00","9,811.90","9,557.00",-0.61%
43954,"9,762.10","9,237.90","9,838.00","9,162.80",5.69%
43953,"9,236.40","9,069.10","9,279.80","8,979.60",1.87%
43952,"9,067.00","9,240.70","9,240.70","8,829.10",-1.87%
43951,"9,240.00","9,400.00","9,450.00","9,110.70",-1.69%
43950,"9,398.60","9,340.30","9,564.10","9,184.60",0.57%
43949,"9,345.30","8,911.00","9,436.00","8,845.00",4.77%
43948,"8,920.10","9,269.70","9,381.10","8,902.80",-3.87%
43947,"9,279.30","8,850.10","9,308.00","8,656.00",4.52%
43946,"8,878.40","9,643.00","9,761.50","8,768.40",-7.94%
43945,"9,644.40","8,940.20","9,737.90","8,929.90",7.88%
43944,"8,940.00","8,791.40","8,940.00","8,769.90",1.59%
43943,"8,800.00","8,917.60","8,979.80","8,752.90",-1.34%
43942,"8,919.10","8,865.40","9,029.00","8,618.90",0.60%
43941,"8,866.10","8,272.80","8,937.50","8,219.00",7.17%
43940,"8,272.80","8,166.40","8,296.80","8,099.90",1.30%
43939,"8,166.30","7,888.80","8,229.00","7,874.70",3.50%
43938,"7,889.90","8,056.10","8,169.00","7,823.30",-2.06%
43937,"8,056.20","8,354.80","8,415.00","7,900.30",-3.57%
43936,"8,354.10","8,003.00","8,426.30","7,997.20",4.39%
43935,"8,002.90","7,885.80","8,182.00","7,820.70",1.48%
43934,"7,885.80","7,915.20","8,230.00","7,746.00",-0.33%
43933,"7,912.00","6,944.00","8,083.70","6,761.30",13.95%
43932,"6,943.10","6,839.30","6,975.70","6,795.00",1.52%
43931,"6,839.30","6,770.90","6,890.60","6,650.00",1.10%
43930,"6,764.60","7,024.00","7,187.40","6,611.00",-3.69%
43929,"7,023.90","6,892.60","7,114.80","6,883.00",1.90%
43928,"6,892.60","6,610.00","7,075.40","6,599.90",4.27%
43927,"6,610.20","6,767.20","6,851.50","6,501.10",-2.29%
43926,"6,765.00","6,785.80","6,911.00","6,571.90",-0.31%
43925,"6,785.90","7,403.30","7,422.00","6,670.00",-8.37%
43924,"7,405.60","7,073.80","7,509.60","7,020.00",5.00%
43923,"7,052.70","6,813.10","7,121.40","6,770.20",3.56%
43922,"6,810.00","6,925.40","7,035.10","6,432.40",-1.66%
43921,"6,925.30","6,838.10","7,221.90","6,782.90",1.24%
43920,"6,840.40","7,091.50","7,267.30","6,533.00",-3.57%
43919,"7,094.00","7,936.00","7,963.90","6,897.20",-10.61%
43918,"7,936.10","7,784.50","8,118.00","7,725.00",1.95%
43917,"7,784.50","8,128.00","8,209.00","7,727.00",-4.12%
43916,"8,119.10","8,445.00","8,496.40","7,839.10",-3.86%
43915,"8,445.10","8,525.00","8,673.90","8,373.00",-1.05%
43914,"8,535.00","8,911.40","9,040.20","8,463.00",-4.19%
43913,"8,908.00","8,703.80","8,910.00","8,272.80",2.32%
43912,"8,706.40","8,888.60","9,088.00","8,453.10",-2.18%
43911,"8,900.10","8,899.80","9,175.20","8,755.70",0.00%
43910,"8,899.70","8,600.20","9,025.00","8,309.60",3.48%
43909,"8,600.10","8,209.00","8,689.90","8,100.00",4.88%
43908,"8,200.20","7,832.00","8,285.60","7,240.00",4.45%
43907,"7,851.00","8,250.00","8,350.10","7,729.50",-4.85%
43906,"8,251.00","8,250.10","8,602.70","7,903.20",-0.02%
43905,"8,252.90","8,181.30","8,416.70","7,666.30",0.81%
43904,"8,186.60","9,135.20","9,400.10","7,923.80",-10.38%
43903,"9,135.00","9,130.20","9,479.00","8,827.70",0.15%
43902,"9,121.00","9,528.00","9,894.70","8,776.80",-4.27%
43901,"9,528.00","8,764.40","9,726.10","8,429.00",8.74%
43900,"8,762.00","9,216.20","9,500.00","8,691.10",-4.94%
43899,"9,217.00","9,301.90","9,420.50","8,351.00",-0.89%
43898,"9,300.00","9,910.70","10,109.00","9,037.00",-6.09%
43897,"9,902.90","10,779.00","10,899.00","9,422.10",-7.62%
43896,"10,720.00","11,403.00","11,403.00","10,578.00",-6.10%
43895,"11,416.00","11,497.00","11,696.00","11,390.00",-0.74%
43894,"11,501.00","11,454.00","11,544.00","11,061.00",0.53%
43893,"11,440.00","11,024.00","11,526.00","11,024.00",3.76%
43892,"11,025.00","10,908.00","11,189.00","10,766.00",0.92%
43891,"10,925.00","10,316.00","11,087.00","10,224.00",5.91%
43889,"10,315.00","10,583.00","11,063.00","10,270.00",-2.40%
43888,"10,569.00","10,320.00","10,880.00","10,133.00",2.40%
43887,"10,321.00","9,583.00","10,437.00","9,359.90",7.99%
43886,"9,557.40","9,666.30","9,840.00","9,284.30",-1.13%
43885,"9,666.30","10,144.00","10,499.00","9,350.30",-4.72%
43884,"10,145.00","9,826.50","10,395.00","9,583.90",3.20%
43883,"9,830.00","10,453.20","10,912.00","9,740.00",-5.98%
43882,"10,455.00","11,216.00","11,239.00","10,200.00",-6.80%
43881,"11,218.00","11,172.00","11,776.00","11,101.00",0.40%
43880,"11,173.00","10,398.00","11,250.00","10,308.00",7.72%
43879,"10,372.00","11,062.00","11,250.00","10,122.00",-6.17%
43878,"11,053.50","10,161.00","11,083.00","10,050.00",8.77%
43877,"10,162.00","9,996.00","10,270.00","9,674.90",1.65%
43876,"9,996.90","9,454.30","10,175.00","9,338.80",5.73%
43875,"9,455.40","8,515.90","9,488.00","8,512.60",11.03%
43874,"8,515.90","8,902.90","8,952.80","8,339.70",-4.32%
43873,"8,900.60","8,070.00","9,000.00","8,070.00",10.31%
43872,"8,069.00","8,563.00","8,569.00","7,851.00",-5.77%
43871,"8,563.10","8,678.10","9,074.30","8,152.10",-1.38%
43870,"8,683.20","8,240.00","8,748.00","7,734.70",5.44%
43869,"8,235.10","7,585.00","8,648.80","7,579.60",8.54%
43868,"7,587.00","7,679.40","8,488.20","7,175.10",-1.13%
43867,"7,673.80","6,946.60","7,860.00","6,000.00",10.42%
43866,"6,949.90","8,185.20","8,378.00","6,658.80",-15.25%
43865,"8,200.00","9,225.10","9,403.30","7,840.00",-11.06%
43864,"9,219.40","8,887.10","9,495.00","8,189.60",3.64%
43863,"8,895.80","9,181.00","9,201.00","7,972.20",-3.11%
43862,"9,181.10","10,278.00","10,311.00","8,941.00",-10.72%
43861,"10,284.00","10,170.00","10,411.00","9,761.00",1.07%
43860,"10,175.00","11,215.00","11,250.00","9,864.90",-9.25%
43859,"11,212.00","11,836.00","11,957.00","11,074.00",-5.30%
43858,"11,839.00","11,455.10","12,181.00","11,398.00",3.30%
43857,"11,461.00","11,068.00","11,683.00","10,822.00",3.53%
43856,"11,070.00","11,144.00","11,647.00","10,298.00",-0.68%
43855,"11,146.00","11,402.00","11,723.00","10,857.00",-2.35%
43854,"11,414.00","10,811.00","11,529.00","10,454.00",5.50%
43853,"10,819.00","10,770.00","11,383.00","9,901.10",0.45%
43852,"10,771.00","11,519.00","11,886.00","10,009.00",-6.45%
43851,"11,514.00","12,732.00","12,732.00","11,020.00",-9.54%
43850,"12,728.00","11,462.00","13,002.00","11,425.00",10.91%
43849,"11,476.00","11,036.00","11,879.00","10,649.00",3.90%
43848,"11,045.00","11,101.00","11,881.00","10,515.00",-0.33%
43847,"11,082.00","11,059.00","11,490.00","9,231.10",0.09%
43846,"11,072.00","13,594.00","13,604.00","9,949.40",-18.44%
43845,"13,575.00","13,558.00","14,350.00","13,307.00",0.13%
43844,"13,558.00","14,190.00","14,391.00","12,874.30",-4.46%
43843,"14,191.00","13,794.00","14,580.00","13,760.00",2.96%
43842,"13,783.00","13,248.00","14,095.00","12,778.00",3.90%
43841,"13,266.00","14,895.00","14,949.80","12,639.00",-10.94%
43840,"14,896.00","14,426.00","14,896.00","13,338.00",3.28%
43839,"14,423.00","14,902.00","15,355.00","14,122.00",-3.40%
43838,"14,930.00","16,216.00","16,279.00","13,760.00",-7.82%
43837,"16,196.00","17,163.00","17,176.00","15,726.00",-5.62%
43836,"17,161.00","16,911.00","17,252.00","16,251.00",1.44%
43835,"16,917.00","15,159.00","17,101.00","14,769.00",11.59%
43834,"15,160.00","15,150.00","15,390.00","14,064.00",0.03%
43833,"15,155.00","14,713.00","15,428.00","14,522.00",3.03%
43832,"14,709.80","13,448.00","15,300.00","12,810.00",10.15%
43831,"13,354.00","13,794.00","13,893.00","12,787.00",-3.23%
44196,"13,800.00","12,385.00","14,140.00","12,183.90",11.50%
44195,"12,377.00","14,308.00","14,403.00","11,690.00",-13.55%
44194,"14,317.00","14,323.00","15,105.00","13,847.00",0.01%
44193,"14,315.00","15,374.00","15,467.00","13,232.00",-6.89%
44192,"15,374.00","15,680.00","16,494.00","14,463.00",-1.95%
44191,"15,679.00","13,627.00","16,048.00","13,550.00",15.09%
44190,"13,623.00","13,517.00","14,278.00","12,678.00",1.09%
44189,"13,476.00","14,036.00","14,047.00","11,601.20",-3.98%
44188,"14,035.00","13,173.00","14,986.00","12,755.00",6.57%
44187,"13,170.00","15,650.00","15,826.00","10,718.00",-15.94%
44186,"15,666.80","16,433.00","17,333.00","14,827.00",-4.62%
44185,"16,425.00","17,340.00","17,709.00","15,500.00",-5.30%
44184,"17,345.00","18,931.00","18,987.00","16,500.00",-8.39%
44183,"18,934.00","18,959.00","19,171.00","18,010.00",-0.20%
44182,"18,971.00","19,210.00","19,891.00","18,622.00",-1.13%
44181,"19,187.00","17,569.50","19,548.00","17,098.00",9.50%
44180,"17,522.00","16,396.00","18,098.00","16,352.00",6.95%
44179,"16,383.00","16,122.00","16,999.00","15,870.00",1.25%
44178,"16,181.00","17,010.00","17,288.00","15,674.00",-4.63%
44177,"16,967.00","16,754.00","17,500.00","16,234.00",1.27%
44176,"16,754.00","14,937.00","17,443.00","14,937.00",11.72%
44175,"14,997.00","14,660.00","15,728.00","12,748.00",2.30%
44174,"14,660.00","15,829.00","16,300.00","13,021.00",-7.62%
44173,"15,869.00","16,608.00","17,160.00","13,774.00",-4.41%
44172,"16,601.00","13,500.00","16,639.00","13,154.00",22.72%
44171,"13,527.00","11,590.00","13,598.00","11,590.00",16.66%
44170,"11,595.00","11,611.00","11,949.00","11,414.00",0.00%
44169,"11,595.00","11,162.00","11,598.00","10,788.00",3.93%
44168,"11,157.00","10,880.00","11,842.00","10,299.00",2.54%
44167,"10,881.00","10,852.00","11,187.00","10,627.00",0.11%
44166,"10,869.00","9,907.00","10,949.00","9,370.10",9.71%
44165,"9,907.00","9,771.90","10,540.00","8,821.00",1.62%
44164,"9,749.40","9,891.90","11,427.20","9,001.10",-1.50%
44163,"9,898.00","9,727.10","9,977.80","9,608.30",1.74%
44162,"9,728.80","9,303.90","9,760.70","9,268.90",4.43%
44161,"9,316.00","8,791.00","9,495.00","8,769.20",6.27%
44160,"8,766.20","8,191.60","8,770.00","8,132.90",7.01%
44159,"8,191.60","7,977.00","8,350.70","7,873.00",2.69%
44158,"7,977.10","8,230.00","8,267.60","7,977.10",-3.07%
44157,"8,230.10","8,097.30","8,310.00","8,064.30",1.64%
44156,"8,097.30","8,245.10","8,380.00","7,790.00",-1.79%
44155,"8,245.10","8,052.80","8,310.20","7,943.40",2.37%
44154,"8,054.20","7,770.60","8,126.90","7,652.00",3.61%
44153,"7,773.30","7,674.10","7,867.00","7,419.50",1.24%
44152,"7,677.90","7,865.00","8,029.80","7,511.10",-2.37%
44151,"7,864.20","7,273.70","8,012.90","7,099.90",8.05%
44150,"7,278.30","6,589.90","7,310.20","6,589.90",10.63%
44149,"6,579.20","6,476.50","6,687.80","6,315.40",1.62%
44148,"6,474.60","5,806.50","6,680.00","5,786.10",11.21%
44147,"5,822.10","6,282.40","6,465.00","5,426.00",-7.60%
44146,"6,300.70","6,541.20","6,788.00","6,166.00",-3.69%
44145,"6,542.20","7,123.30","7,313.10","6,405.20",-8.20%
44144,"7,126.20","7,447.00","7,447.00","7,017.60",-4.25%
44143,"7,442.40","7,102.00","7,895.00","7,029.90",4.77%
44142,"7,103.30","6,959.60","7,214.40","6,959.00",2.13%
44141,"6,955.00","7,355.10","7,429.50","6,915.10",-5.78%
44140,"7,382.00","7,370.90","7,595.00","7,272.00",0.18%
44139,"7,369.00","7,104.00","7,521.10","6,936.50",1.24%
44138,"7,278.40","7,018.90","7,447.50","6,926.50",3.68%
44137,"7,019.90","6,735.00","7,315.10","6,724.50",4.35%
44136,"6,727.30","6,450.20","6,727.30","6,348.00",4.17%
44135,"6,458.30","6,129.90","6,472.10","6,082.70",5.44%
44134,"6,125.30","6,146.00","6,237.20","6,010.00",-0.50%
44133,"6,156.00","5,718.10","6,330.00","5,662.90",7.61%
44132,"5,720.60","5,759.80","5,863.90","5,634.70",-0.68%
44131,"5,759.60","5,890.00","6,010.20","5,681.20",-2.21%
44130,"5,890.00","5,724.20","5,966.60","5,680.50",2.97%
44129,"5,720.00","5,509.90","5,743.90","5,367.90",3.82%
44128,"5,509.50","5,902.50","5,902.50","5,457.50",-6.73%
44127,"5,906.90","5,980.50","6,051.00","5,639.80",-1.23%
44126,"5,980.50","6,005.10","6,069.60","5,717.90",-0.41%
44125,"6,005.10","5,984.90","6,190.00","5,873.60",0.34%
44124,"5,984.50","5,694.00","6,082.20","5,606.40",5.10%
44123,"5,694.00","5,574.80","5,741.00","5,505.80",2.32%
44122,"5,565.00","5,597.70","5,597.90","5,114.30",-0.57%
44121,"5,597.10","5,764.80","5,779.00","5,511.00",-2.90%
44120,"5,764.40","5,712.20","5,803.20","5,570.40",1.15%
44119,"5,698.60","5,838.70","5,876.90","5,450.00",-2.34%
44118,"5,835.00","5,636.80","5,854.30","5,567.30",3.52%
44117,"5,636.80","5,440.00","5,874.30","5,376.00",3.84%
44116,"5,428.50","4,824.90","5,437.60","4,815.10",12.51%
44115,"4,824.90","4,777.70","4,879.50","4,715.00",1.00%
44114,"4,777.00","4,782.30","4,940.00","4,717.50",-0.11%
44113,"4,782.30","4,612.40","4,874.90","4,551.30",3.67%
44112,"4,613.10","4,435.90","4,630.00","4,417.60",3.99%
44111,"4,436.00","4,370.00","4,477.10","4,316.10",1.49%
44110,"4,371.00","4,312.60","4,424.50","4,294.00",1.29%
44109,"4,315.40","4,215.90","4,364.60","4,134.90",2.38%
44108,"4,215.10","4,310.60","4,353.80","4,177.70",-2.23%
44107,"4,311.10","4,399.30","4,439.90","4,222.00",-2.02%
44106,"4,400.10","4,404.30","4,482.00","4,359.80",-0.10%
44105,"4,404.30","4,366.60","4,420.50","4,257.70",0.85%
44104,"4,367.00","4,168.10","4,393.40","4,160.10",4.73%
44103,"4,169.90","4,190.00","4,244.60","4,024.70",-0.48%
44102,"4,190.00","4,207.50","4,268.60","4,125.00",-0.37%
44101,"4,205.40","3,881.60","4,226.50","3,878.10",8.41%
44100,"3,879.10","3,930.00","3,983.00","3,850.90",-1.30%
44099,"3,930.00","3,654.70","3,977.00","3,654.70",7.59%
44098,"3,652.80","3,779.60","3,781.30","3,620.00",-3.35%
44097,"3,779.60","3,598.70","3,808.00","3,559.10",5.03%
44096,"3,598.50","3,597.30","3,743.60","3,493.50",-0.14%
44095,"3,603.40","3,875.50","3,903.70","3,564.40",-6.97%
44094,"3,873.20","3,892.20","4,048.00","3,834.10",-0.69%
44093,"3,900.00","4,084.40","4,110.00","3,836.20",-4.51%
44092,"4,084.10","3,667.00","4,113.90","3,667.00",11.40%
44091,"3,666.30","3,680.10","3,775.90","3,476.30",-0.52%
44090,"3,685.40","3,697.10","3,874.00","3,511.10",-0.34%
44089,"3,698.00","3,237.40","3,809.00","2,981.00",14.20%
44088,"3,238.10","3,850.20","3,917.20","3,206.20",-15.89%
44087,"3,849.70","4,149.40","4,159.60","3,734.00",-7.08%
44086,"4,142.90","4,198.90","4,378.40","4,055.50",-1.43%
44085,"4,203.00","4,234.90","4,373.10","4,123.00",-0.69%
44084,"4,232.10","4,315.40","4,325.00","3,975.80",-1.99%
44083,"4,317.90","4,304.00","4,381.20","4,159.40",0.28%
44082,"4,305.80","4,613.50","4,686.20","4,107.10",-6.67%
44081,"4,613.50","4,594.60","4,672.80","4,465.30",0.53%
44080,"4,589.10","4,375.00","4,631.40","4,361.40",4.90%
44079,"4,374.90","4,210.60","4,469.90","3,900.10",4.15%
44078,"4,200.40","4,599.20","4,606.00","4,056.50",-8.59%
44077,"4,595.00","4,534.20","4,699.80","4,331.00",1.34%
44076,"4,534.40","4,911.80","4,969.00","4,400.50",-7.55%
44075,"4,904.90","4,718.30","4,927.40","4,660.70",3.96%
44074,"4,718.20","4,567.90","4,749.90","4,567.90",3.27%
44073,"4,569.00","4,586.60","4,641.10","4,481.10",-0.39%
44072,"4,587.10","4,385.10","4,644.20","4,336.70",4.64%
44071,"4,383.80","4,330.70","4,395.20","4,175.70",1.20%
44070,"4,331.80","4,340.20","4,405.70","4,305.00",-0.23%
44069,"4,341.70","4,351.50","4,364.00","4,243.60",-0.23%
44068,"4,351.50","4,324.10","4,461.20","4,277.40",0.61%
44067,"4,325.20","4,135.00","4,370.80","4,093.00",4.75%
44066,"4,129.10","4,086.90","4,248.60","4,055.90",1.35%
44065,"4,074.00","3,998.90","4,140.00","3,600.00",1.79%
44064,"4,002.50","4,066.30","4,093.50","3,956.40",-1.52%
44063,"4,064.30","4,145.00","4,192.00","4,040.90",-1.95%
44062,"4,145.10","4,088.20","4,184.10","3,920.00",1.34%
44061,"4,090.20","4,269.70","4,359.00","3,957.00",-3.99%
44060,"4,260.00","4,386.40","4,489.10","4,178.10",-2.88%
44059,"4,386.30","4,160.00","4,403.60","3,928.10",5.65%
44058,"4,151.90","4,321.00","4,430.00","3,841.90",-3.88%
44057,"4,319.50","4,061.60","4,330.30","3,969.30",6.57%
44056,"4,053.30","3,866.20","4,183.70","3,836.10",4.86%
44055,"3,865.50","3,643.40","3,965.40","3,590.00",6.08%
44054,"3,644.10","3,404.70","3,690.60","3,380.00",6.93%
44053,"3,407.90","3,340.20","3,444.40","3,310.00",2.04%
44052,"3,339.90","3,415.00","3,424.40","3,236.80",-2.20%
44051,"3,415.00","3,395.00","3,482.90","3,343.80",0.54%
44050,"3,396.70","3,232.50","3,440.00","3,190.00",5.23%
44049,"3,227.90","3,255.00","3,309.80","3,156.00",-0.88%
44048,"3,256.40","2,860.00","3,331.90","2,855.00",13.86%
44047,"2,860.00","2,790.30","2,874.80","2,762.60",2.50%
44046,"2,790.30","2,702.00","2,813.00","2,698.00",3.27%
44045,"2,702.00","2,733.80","2,757.80","2,640.00",-1.07%
44044,"2,731.20","2,854.30","2,901.60","2,615.80",-4.37%
44043,"2,856.00","2,748.90","2,883.50","2,694.80",3.89%
44042,"2,749.00","2,713.70","2,756.20","2,595.00",1.29%
44041,"2,714.10","2,784.80","2,794.20","2,662.60",-2.54%
44040,"2,784.80","2,664.60","2,819.90","2,655.50",4.50%
44039,"2,664.90","2,527.70","2,682.20","2,511.00",5.51%
44038,"2,525.70","2,560.90","2,612.00","2,404.60",-1.37%
44037,"2,560.90","2,769.70","2,790.10","2,435.70",-7.54%
44036,"2,769.70","2,750.10","2,812.00","2,707.30",0.81%
44035,"2,747.50","2,845.70","2,875.70","2,656.20",-3.45%
44034,"2,845.70","2,659.00","2,912.90","2,642.80",6.82%
44033,"2,664.00","2,874.50","2,874.50","2,615.00",-6.73%
44032,"2,856.30","2,253.30","2,919.90","2,253.30",26.77%
44031,"2,253.10","2,302.20","2,399.90","2,214.20",-2.13%
44030,"2,302.10","2,220.00","2,380.20","2,139.80",3.74%
44029,"2,219.00","1,925.00","2,223.30","1,924.10",15.28%
44028,"1,924.90","1,979.70","2,048.80","1,835.80",-2.71%
44027,"1,978.60","2,206.50","2,210.10","1,975.70",-10.27%
44026,"2,205.10","2,329.40","2,345.60","2,138.00",-5.32%
44025,"2,329.00","2,375.60","2,400.00","2,293.80",-1.91%
44024,"2,374.40","2,285.60","2,394.00","2,195.80",4.04%
44023,"2,282.10","2,318.30","2,372.80","2,183.30",-1.56%
44022,"2,318.30","2,477.90","2,498.10","2,240.00",-6.44%
44021,"2,478.00","2,542.00","2,555.60","2,473.70",-2.52%
44020,"2,542.00","2,479.30","2,542.60","2,436.80",2.53%
44019,"2,479.30","2,593.20","2,598.00","2,447.00",-4.39%
44018,"2,593.10","2,598.60","2,603.30","2,546.00",-0.21%
44017,"2,598.50","2,579.90","2,617.60","2,482.50",0.62%
44016,"2,582.60","2,525.90","2,628.00","2,512.40",2.32%
44015,"2,524.00","2,445.10","2,584.00","2,416.20",3.23%
44014,"2,445.00","2,346.20","2,470.00","2,302.00",4.06%
44013,"2,349.50","2,420.60","2,440.90","2,291.00",-2.94%
44012,"2,420.70","2,472.40","2,511.10","2,406.60",-2.00%
44011,"2,470.10","2,518.20","2,537.00","2,424.10",-1.91%
44010,"2,518.20","2,521.30","2,561.10","2,403.20",-0.12%
44009,"2,521.20","2,393.50","2,524.00","2,208.10",5.29%
44008,"2,394.60","2,480.00","2,510.40","2,258.70",-3.35%
44007,"2,477.70","2,502.60","2,595.00","2,369.10",-0.99%
44006,"2,502.60","2,674.90","2,700.00","2,454.10",-6.44%
44005,"2,674.90","2,672.80","2,725.30","2,652.80",0.08%
44004,"2,672.80","2,624.40","2,709.00","2,554.80",1.97%
44003,"2,621.20","2,715.30","2,760.00","2,573.30",-3.36%
44002,"2,712.20","2,585.00","2,779.60","2,568.20",5.09%
44001,"2,580.80","2,494.90","2,592.70","2,481.40",3.58%
44000,"2,491.50","2,610.10","2,635.00","2,421.00",-4.54%
43999,"2,610.00","2,435.50","2,636.90","2,368.70",7.10%
43998,"2,437.00","2,377.50","2,480.00","2,261.20",2.51%
43997,"2,377.40","2,394.30","2,455.00","2,050.00",-0.74%
43996,"2,395.00","2,677.10","2,720.00","2,284.40",-10.51%
43995,"2,676.40","2,570.00","2,730.00","2,532.60",4.07%
43994,"2,571.80","2,941.80","2,961.90","2,298.20",-12.41%
43993,"2,936.30","2,806.00","3,000.00","2,793.80",4.64%
43992,"2,806.00","2,809.90","2,890.50","2,750.80",-0.11%
43991,"2,809.00","2,781.50","2,849.80","2,769.60",0.97%
43990,"2,782.10","2,642.00","2,789.30","2,570.10",5.28%
43989,"2,642.60","2,844.60","2,850.00","2,600.20",-7.07%
43988,"2,843.60","2,636.90","2,896.50","2,620.00",7.87%
43987,"2,636.20","2,488.20","2,637.50","2,480.00",5.95%
43986,"2,488.20","2,461.60","2,498.00","2,376.40",1.11%
43985,"2,461.00","2,405.90","2,481.00","2,348.00",2.29%
43984,"2,405.90","2,312.00","2,407.80","2,271.90",4.08%
43983,"2,311.60","2,191.80","2,366.70","2,187.40",5.46%
43982,"2,191.80","2,147.30","2,240.10","2,002.10",2.10%
43981,"2,146.70","2,207.40","2,263.10","2,080.40",-2.75%
43980,"2,207.40","2,056.90","2,249.80","1,990.10",7.33%
43979,"2,056.60","1,980.00","2,193.00","1,955.50",4.27%
43978,"1,972.30","2,125.90","2,207.90","1,810.00",-7.29%
43977,"2,127.30","2,268.10","2,477.00","2,008.70",-5.54%
43976,"2,252.00","2,392.60","2,689.00","2,142.10",-5.96%
43975,"2,394.80","2,250.00","2,443.80","2,247.70",6.47%
43974,"2,249.30","2,087.50","2,262.90","2,060.00",7.85%
43973,"2,085.50","2,026.50","2,219.90","1,979.20",2.77%
43972,"2,029.20","2,059.30","2,099.10","2,001.00",-1.48%
43971,"2,059.70","1,966.50","2,072.20","1,963.60",4.74%
43970,"1,966.50","1,941.50","2,000.00","1,925.00",1.29%
43969,"1,941.50","1,870.00","1,949.90","1,861.00",3.82%
43968,"1,870.00","1,786.20","1,892.90","1,766.40",4.72%
43967,"1,785.70","1,772.00","1,795.10","1,728.00",0.74%
43966,"1,772.50","1,826.80","1,828.50","1,720.00",-3.04%
43965,"1,828.10","1,820.60","1,852.40","1,780.00",0.42%
43964,"1,820.40","1,735.00","1,824.00","1,666.00",4.92%
43963,"1,735.00","1,853.90","1,864.80","1,700.80",-6.41%
43962,"1,853.90","1,796.90","1,908.00","1,766.60",3.18%
43961,"1,796.80","1,759.80","1,817.40","1,722.30",2.09%
43960,"1,760.00","1,703.50","1,813.90","1,695.10",3.33%
43959,"1,703.20","1,619.80","1,715.00","1,618.90",5.14%
43958,"1,619.90","1,597.00","1,631.30","1,575.10",1.43%
43957,"1,597.10","1,545.10","1,605.00","1,545.00",3.37%
43956,"1,545.10","1,607.20","1,665.50","1,511.70",-3.86%
43955,"1,607.10","1,619.40","1,701.90","1,521.10",-0.66%
43954,"1,617.80","1,558.50","1,626.90","1,542.00",3.71%
43953,"1,560.00","1,533.00","1,604.60","1,479.20",1.75%
43952,"1,533.10","1,435.00","1,560.00","1,432.00",6.82%
43951,"1,435.20","1,425.40","1,443.50","1,403.30",0.81%
43950,"1,423.60","1,415.60","1,436.60","1,401.50",0.57%
43949,"1,415.60","1,440.30","1,447.00","1,368.30",-1.71%
43948,"1,440.30","1,399.30","1,449.70","1,392.50",2.93%
43947,"1,399.30","1,371.00","1,411.70","1,365.10",2.12%
43946,"1,370.30","1,345.00","1,378.50","1,342.10",1.88%
43945,"1,345.00","1,355.30","1,359.60","1,326.90",-0.75%
43944,"1,355.20","1,346.40","1,359.00","1,336.00",0.57%
43943,"1,347.50","1,327.10","1,353.10","1,290.10",1.65%
43942,"1,325.60","1,308.70","1,333.10","1,307.50",1.31%
43941,"1,308.40","1,260.50","1,325.70","1,260.10",3.80%
43940,"1,260.50","1,265.40","1,272.00","1,255.00",-0.39%
43939,"1,265.40","1,240.00","1,274.80","1,237.00",2.05%
43938,"1,240.00","1,212.50","1,247.00","1,202.20",2.31%
43937,"1,212.00","1,193.30","1,217.60","1,190.40",1.57%
43936,"1,193.30","1,206.80","1,215.00","1,190.00",-1.12%
43935,"1,206.80","1,187.00","1,219.10","1,184.00",1.67%
43934,"1,187.00","1,227.40","1,235.10","1,163.50",-3.29%
43933,"1,227.40","1,236.90","1,239.00","1,221.00",-0.66%
43932,"1,235.60","1,220.30","1,243.40","1,209.10",1.25%
43931,"1,220.30","1,215.90","1,229.90","1,208.10",0.36%
43930,"1,215.90","1,188.10","1,226.90","1,180.20",2.34%
43929,"1,188.10","1,196.60","1,202.60","1,171.30",-0.71%
43928,"1,196.60","1,191.50","1,208.90","1,176.70",0.43%
43927,"1,191.50","1,140.30","1,206.40","1,140.30",4.46%
43926,"1,140.60","1,145.80","1,146.70","1,112.30",-0.38%
43925,"1,145.00","1,150.10","1,161.90","1,124.10",-0.45%
43924,"1,150.20","1,107.80","1,159.90","1,107.80",3.85%
43923,"1,107.60","1,093.50","1,118.20","1,081.00",1.32%
43922,"1,093.20","1,081.30","1,106.90","1,070.20",1.06%
43921,"1,081.70","1,042.10","1,089.40","1,041.00",3.91%
43920,"1,041.00","1,041.70","1,053.50","1,022.20",-0.08%
43919,"1,041.80","1,044.70","1,058.90","1,009.30",-0.28%
43918,"1,044.70","1,042.80","1,066.50","1,016.80",0.19%
43917,"1,042.70",968.9,"1,046.90",960.1,7.61%
43916,969,971.3,"1,005.50",950.1,-0.33%
43915,972.2,942.1,980,891,3.08%
43914,943.1,"1,032.70","1,034.20",928.3,-8.70%
43913,"1,033.00","1,039.40","1,055.00","1,018.00",-0.59%
43912,"1,039.10","1,115.90","1,116.00",986.3,-6.81%
43911,"1,115.00","1,040.40","1,120.90","1,040.10",7.31%
43910,"1,039.00","1,016.50","1,052.10","1,011.20",2.25%
43909,"1,016.10",971.9,"1,058.90",971,4.64%
43908,971,"1,067.80","1,097.10",935.1,-9.12%
43907,"1,068.40","1,169.10","1,169.60","1,066.00",-8.61%
43906,"1,169.00","1,256.10","1,259.70","1,132.50",-6.93%
43905,"1,256.10","1,245.00","1,262.00","1,241.30",0.89%
43904,"1,245.00","1,238.50","1,257.90","1,218.90",0.52%
43903,"1,238.50","1,224.40","1,246.90","1,207.50",1.09%
43902,"1,225.20","1,172.40","1,232.60","1,167.50",4.47%
43901,"1,172.80","1,113.50","1,196.10","1,107.00",5.32%
43900,"1,113.60","1,190.40","1,328.80",971,-6.45%
43899,"1,190.40","1,150.00","1,207.50","1,136.00",3.58%
43898,"1,149.30","1,232.40","1,243.60","1,142.20",-6.74%
43897,"1,232.40","1,279.20","1,281.80","1,185.90",-3.67%
43896,"1,279.30","1,278.40","1,287.80","1,268.60",0.07%
43895,"1,278.40","1,267.80","1,279.80","1,245.30",0.84%
43894,"1,267.80","1,289.10","1,291.80","1,240.10",-1.58%
43893,"1,288.20","1,257.60","1,294.70","1,256.60",2.05%
43892,"1,262.30","1,232.90","1,283.10","1,213.00",2.39%
43891,"1,232.80","1,189.10","1,233.50","1,186.00",3.68%
43889,"1,189.10","1,196.00","1,216.00","1,177.80",-0.54%
43888,"1,195.50","1,178.30","1,202.60","1,171.00",1.46%
43887,"1,178.30","1,153.00","1,185.90","1,130.90",2.19%
43886,"1,153.00","1,185.40","1,189.90","1,131.50",-2.71%
43885,"1,185.10","1,189.90","1,222.20","1,111.10",-0.49%
43884,"1,190.90","1,125.50","1,196.90","1,120.40",5.83%
43883,"1,125.30","1,129.60","1,140.00","1,106.40",-0.38%
43882,"1,129.60","1,091.30","1,134.00","1,085.00",3.52%
43881,"1,091.20","1,056.20","1,100.30","1,044.10",3.31%
43880,"1,056.20","1,059.80","1,066.00","1,045.00",-0.34%
43879,"1,059.80","1,056.20","1,071.10","1,053.10",0.34%
43878,"1,056.20","1,038.50","1,065.80","1,034.10",1.71%
43877,"1,038.40","1,013.90","1,045.70","1,013.90",2.43%
43876,"1,013.80","1,013.30","1,017.30","1,002.40",0.01%
43875,"1,013.70",996.5,"1,019.00",988.9,1.73%
43874,996.5,996,"1,004.50",975.9,0.05%
43873,996,"1,000.10","1,005.40",992.3,-0.43%
43872,"1,000.30",992.1,"1,009.00",984.2,0.84%
43871,992,985,"1,002.00",949.4,0.71%
43870,985,"1,049.00","1,078.00",936.4,-6.09%
43869,"1,048.80","1,052.50","1,068.00","1,013.20",-0.31%
43868,"1,052.10","1,022.60","1,056.30","1,021.70",2.88%
43867,"1,022.60","1,006.60","1,026.20","1,006.00",1.59%
43866,"1,006.60","1,031.10","1,033.00",996.3,-2.38%
43865,"1,031.10","1,016.80","1,040.00","1,001.60",1.52%
43864,"1,015.70","1,007.00","1,020.50",988.3,0.99%
43863,"1,005.70",983.7,"1,010.50",970.1,2.23%
43862,983.7,966.2,985,960.1,1.82%
43861,966.2,917.4,969.4,916.8,5.32%
43860,917.4,912.5,920.8,910,0.53%
43859,912.6,919.4,923,910.7,-0.75%
43858,919.4,916.7,924,915,0.30%
43857,916.7,915.1,922.2,905,0.17%
43856,915.1,893.3,917.6,893.3,2.44%
43855,893.3,886.1,899.6,884.2,0.82%
43854,886.1,908.4,927,884.2,-2.63%
43853,910,923.7,928.8,910,-1.48%
43852,923.7,924,939.7,892,-0.03%
43851,924,895.7,931,893.9,3.13%
43850,896,900.3,904.5,883.3,-0.48%
43849,900.3,887.6,908.2,884.6,1.41%
43848,887.8,904,913.8,847.3,-1.80%
43847,904,830.1,910.8,828,8.90%
43846,830.1,820.7,837.9,814.8,1.14%
43845,820.7,815.3,823,805.1,0.67%
43844,815.3,828.1,838.5,800.7,-1.55%
43843,828.1,804.6,832.3,776,2.93%
43842,804.6,779.5,831.2,738.7,3.34%
43841,778.6,905.8,922.6,760,-14.04%
43840,905.8,903,917.9,895.5,0.31%
43839,903,915.9,916.1,876.3,-1.41%
43838,915.9,908.8,942.5,890,0.78%
43837,908.8,898.5,911,816.1,1.21%
43836,898,"1,003.80","1,025.00",871,-10.49%
43835,"1,003.20","1,139.80","1,166.00",865.4,-11.97%
43834,"1,139.60","1,037.50","1,150.00","1,036.40",9.84%
43833,"1,037.50","1,019.30","1,038.70","1,013.50",1.79%
43832,"1,019.30",999.2,"1,034.80",997.3,2.03%
43831,999,966.6,"1,006.50",961.3,3.35%
44196,966.6,959.2,968,945,0.76%
44195,959.3,974.7,974.7,929.8,-1.37%
44194,972.6,981.7,983,949,-0.92%
44193,981.7,936.4,983,936.4,4.85%
44192,936.3,906.4,940,903.5,3.30%
44191,906.4,898,920,894.2,0.94%
44190,898,895.2,901.5,858.6,0.31%
44189,895.2,919,919.8,882.8,-2.58%
44188,919,859.2,920,859,6.96%
44187,859.2,829.3,873.9,825,3.52%
44186,830,798.8,830.5,795,4.01%
44185,798,790.6,802.3,788,0.94%
44184,790.6,790.2,792.2,788,0.05%
44183,790.2,791,792.8,784.4,-0.10%
44182,791,784.2,793,784.2,0.87%
44181,784.2,777.4,785,775.9,0.87%
44180,777.4,774.5,780.1,774.5,0.38%
44179,774.5,775,781.2,771.2,-0.07%
44178,775,778,788.9,763.7,-0.38%
44177,778,770.2,784.1,770.2,1.01%
44176,770.2,772.9,773.7,761.8,-0.35%
44175,772.9,770.5,777.8,770,0.31%
44174,770.5,765,772.7,765,0.72%
44173,765,765,773.2,762.7,0.00%
44172,765,757.2,772.2,749.1,1.01%
44171,757.4,750.6,758.5,750.4,0.90%
44170,750.6,768.5,769,744.6,-2.33%
44169,768.5,765.5,770,760.9,0.42%
44168,765.3,774.9,774.9,756,-1.24%
44167,774.9,755.4,779.2,755.2,2.59%
44166,755.4,739,756,738.8,2.21%
44165,739,731,743.1,729.1,1.09%
44164,731,731.5,733.9,728.7,-0.06%
44163,731.5,724.9,735,724.9,0.90%
44162,725,731.2,736.2,722.5,-0.85%
44161,731.2,740.4,741,720,-1.24%
44160,740.4,737.7,741.1,730,0.36%
44159,737.7,742,744.3,727.6,-0.58%
44158,742,749.8,750.9,730.8,-1.07%
44157,750,739,753.9,733.3,1.50%
44156,739,729.7,740.6,728.1,1.28%
44155,729.7,752.9,757,712,-3.09%
44154,752.9,754,760,740,-0.14%
44153,754,740.7,756.9,734.5,1.80%
44152,740.7,745,762.4,735,-0.58%
44151,745,712.2,747.5,710.1,4.61%
44150,712.2,707.4,720,707.4,0.67%
44149,707.4,708.1,709,699,-0.09%
44148,708.1,703.4,708.1,687.6,0.61%
44147,703.8,714.8,717,700.1,-1.54%
44146,714.8,714.9,719.4,712,-0.01%
44145,714.9,724.4,725,709.1,-1.24%
44144,723.8,714,743.1,708.5,1.38%
44143,714,704.8,718,703,0.87%
44142,707.8,712.7,712.7,700,-0.73%
44141,713,709.2,721.6,700,0.65%
44140,708.4,706.8,713.9,700.8,0.00%
44139,708.4,696.9,710.9,687,2.66%
44138,690.1,747.2,753.7,676,-6.48%
44137,737.9,731.4,740,723.6,0.51%
44136,734.2,704.1,746.5,701.4,4.27%
44135,704.1,702.5,706,688,0.22%
44134,702.5,714.5,716.6,697.8,-1.67%
44133,714.5,693.5,724,692.3,3.03%
44132,693.5,688.7,695,681.6,0.70%
44131,688.7,678.7,690.6,676.7,1.47%
44130,678.7,659.5,685.6,658.5,2.91%
44129,659.5,654.7,670,652.7,0.74%
44128,654.7,659,659,654,-0.66%
44127,659,665,671.4,656,-0.90%
44126,665,636.7,671,635.1,4.44%
44125,636.7,632.5,639,632,0.68%
44124,632.5,631.8,633.6,628,0.11%
44123,631.8,638.7,643.9,627.8,-1.10%
44122,638.8,639.8,641.7,632.9,-0.15%
44121,639.8,644.2,644.6,637.8,-0.68%
44120,644.2,640.2,645.8,639.8,0.62%
44119,640.2,643,645.7,637.9,-0.44%
44118,643,637,645.4,636.7,0.94%
44117,637,637.6,643.7,636.4,-0.10%
44116,637.6,641.9,644.1,637.3,-0.64%
44115,641.7,618.9,646,618.1,3.70%
44114,618.9,616.6,620,615.9,0.37%
44113,616.6,620.5,620.9,614.4,-0.63%
44112,620.5,620.1,622.9,617.9,0.06%
44111,620.1,613.5,621.2,613,1.08%
44110,613.5,614.1,615.9,612.7,-0.09%
44109,614.1,610.7,617.3,610,0.51%
44108,611,612.7,614,609.6,-0.26%
44107,612.6,609.1,613.2,608.9,0.57%
44106,609.1,614.1,614.2,607,-0.81%
44105,614.1,611.1,616.9,611.1,0.49%
44104,611.1,604.6,612.9,604.3,1.08%
44103,604.6,603.8,607.8,603.2,0.14%
44102,603.8,605.5,605.8,603.1,-0.29%
44101,605.5,609.1,609.9,602,-0.59%
44100,609.1,600.4,610,599.9,1.46%
44099,600.4,602.5,603.6,597.6,-0.36%
44098,602.5,603.3,605.8,601.5,-0.12%
44097,603.3,597.1,604,596,1.04%
44096,597.1,597.4,598.7,596,-0.06%
44095,597.4,600.1,600.1,592.7,-0.44%
44094,600,609.8,612,600,-1.60%
44093,609.8,613,615,608.9,-0.53%
44092,613,607.7,615.9,607.4,0.88%
44091,607.7,610,610.6,605,-0.38%
44090,610,611.8,614.2,609.5,-0.29%
44089,611.8,613.9,617.3,611,-0.34%
44088,613.9,614.2,617.4,612,-0.06%
44087,614.2,611.6,618,610,0.43%
44086,611.6,612.1,615.2,608.1,-0.08%
44085,612.1,628,635,598,-2.54%
44084,628,626.3,629.7,624.9,0.28%
44083,626.3,631.7,633.5,621.3,-0.87%
44082,631.7,619.8,636.2,617.8,1.93%
44081,619.8,615.1,620.6,610.8,0.73%
44080,615.2,611.5,616.7,609.8,0.61%
44079,611.5,614.5,615.7,605.7,-0.49%
44078,614.5,609.9,618.7,604.6,0.76%
44077,609.9,579.8,612.4,576,5.18%
44076,579.8,572.7,581.1,570.6,1.24%
44075,572.7,576.2,578,571.5,-0.59%
44074,576.2,579.5,579.5,572.7,-0.58%
44073,579.5,574.8,580.2,574.2,0.82%
44072,574.8,574.2,578,573,0.11%
44071,574.2,568.5,574.4,568.3,0.99%
44070,568.5,578,578.9,567.2,-1.64%
44069,578,577.2,579.5,575.1,0.14%
44068,577.2,580.3,581.1,574,-0.54%
44067,580.3,583.5,586.9,580,-0.55%
44066,583.5,588,590.7,581.1,-0.76%
44065,588,581.4,590,581.4,1.13%
44064,581.4,582.1,584.2,580,-0.10%
44063,582,573.5,582.8,571.3,1.48%
44062,573.5,572.3,577.2,570.8,0.23%
44061,572.2,571.8,578,569.7,0.07%
44060,571.8,574.2,577.9,569,-0.42%
44059,574.2,564.6,579,564,1.70%
44058,564.6,569.4,574,563,-0.84%
44057,569.4,583.7,583.7,564,-2.45%
44056,583.7,585.5,590,582.1,-0.30%
44055,585.5,591.3,593,584,-0.98%
44054,591.3,590.5,599,587.8,0.17%
44053,590.3,604.1,614.5,579,-2.29%
44052,604.1,604.1,604.1,604.1,0.00%
44051,604.1,604.1,604.1,604.1,0.00%
44050,604.1,604.1,604.1,604.1,0.00%
44049,604.1,604.1,604.1,604.1,0.00%
44048,604.1,604.1,604.1,604.1,0.00%
44047,604.1,604.1,604.1,604.1,0.00%
44046,604.1,604.1,604.1,604.1,0.02%
44045,604,608.3,615.3,595,-0.66%
44044,608,622.7,627.3,605,-2.51%
44043,623.7,655,655.1,621.3,-4.78%
44042,655,658.3,660.5,651.8,-0.51%
44041,658.3,657,660.4,654.5,0.59%
44039,654.5,648.5,657.1,646.6,0.93%
44038,648.5,654.2,657.6,640.6,-0.87%
44037,654.2,661.8,664.4,650,-1.16%
44036,661.8,654,664.1,650.5,1.19%
44035,654,648,657.1,645,0.92%
44034,648,665,668,640,-2.55%
44033,665,665.8,668,657.6,-0.13%
44032,665.8,675,676,661.3,-1.36%
44031,675,674.3,676.6,666.3,0.10%
44030,674.3,683.2,686,666.5,-1.30%
44029,683.2,665.3,689.7,663.6,2.69%
44028,665.3,665.5,669.6,659.1,-0.03%
44027,665.5,659.8,669.6,658.2,0.87%
44026,659.8,653.7,666,650,0.93%
44025,653.7,667.1,669.9,652.5,-2.02%
44024,667.2,648,678,645.6,2.97%
44023,648,649.7,662.5,643.4,-0.27%
44022,649.7,648.1,651.5,636.9,0.25%
44021,648.1,664.8,664.8,624,-2.51%
44020,664.8,640.5,666.6,634,3.79%
44019,640.5,677.4,682,610.1,-5.40%
44018,677,667.8,682.6,667,1.39%
44017,667.8,681.3,682.7,659.3,-1.99%
44016,681.3,659.3,684.2,644.5,3.34%
44015,659.3,706,707,644.4,-6.49%
44014,705,674.8,705.3,673.4,4.49%
44013,674.8,674.7,690.6,667.6,0.00%
44012,674.7,640,677.5,635.6,5.48%
44011,639.7,646.6,646.6,622,-1.02%
44010,646.3,662.2,664.3,633,-2.40%
44009,662.2,627.4,662.2,617.3,5.54%
44008,627.4,664.9,667.9,614.3,-5.63%
44007,664.9,665.5,698,642.8,-0.18%
44006,666,625.8,680,625.8,6.43%
44005,625.8,605.6,638.2,555.6,3.26%
44004,606,669,688.2,588.9,-9.40%
44003,668.9,705.8,715.8,668.9,-10.08%
44002,743.9,767.3,767.7,724.3,-3.05%
44001,767.3,757.6,771.9,740,1.28%
44000,757.6,748.7,789.7,721.6,1.19%
43999,748.7,769.5,780,703.1,-2.70%
43998,769.5,697,778.5,697,10.41%
43997,696.9,684.5,699.1,669.2,1.81%
43996,684.5,705.9,705.9,656.5,-3.03%
43995,705.9,672,719,659.9,5.20%
43994,671,614.6,685,607,9.19%
43993,614.5,580.1,615,579.3,5.94%
43992,580.1,575.5,582.4,572.5,0.79%
43991,575.5,583,583.7,570,-1.29%
43990,583,576.9,585,571.1,1.07%
43989,576.9,585.2,592.1,561.3,-1.43%
43988,585.2,574,588.5,574,1.95%
43987,574,572.9,586,565.2,0.23%
43986,572.7,570.9,593.7,561.5,0.32%
43985,570.9,538.8,579,535.8,5.95%
43984,538.8,536.8,543.7,532.4,0.37%
43983,536.8,530.7,546.1,523.8,1.15%
43982,530.7,532.9,546.5,518,-0.41%
43981,532.9,531,548.4,521.1,0.36%
43980,531,527,567,512.5,0.76%
43979,527,472,541,471,11.65%
43978,472,454,482.3,453.6,3.98%
43977,454,449.1,454.7,446,1.09%
43976,449.1,445,450.4,443,0.91%
43975,445,443.5,447.8,442.4,0.31%
43974,443.7,437.5,444.4,436.5,1.41%
43973,437.5,440.8,441,435.1,-0.76%
43972,440.8,441.6,442.2,437,-0.17%
43971,441.6,434.5,443.1,433,1.51%
43970,435,453.5,454.7,433,-4.08%
43969,453.5,453.2,456.9,451.5,0.06%
43968,453.2,453,454.9,451,0.05%
43967,453,457.9,459,451,-1.07%
43966,457.9,455.8,460.7,454.7,0.46%
43965,455.8,455.8,458.5,454.1,0.00%
43964,455.8,455,457.5,452,0.17%
43963,455,452.3,456.1,445.9,0.60%
43962,452.3,450.7,454.7,450,0.35%
43961,450.7,461.6,464,446.2,-2.35%
43960,461.6,459.9,465.4,457.8,0.37%
43959,459.9,460.2,461.6,456,-0.07%
43958,460.2,461.2,463,458.3,-0.21%
43957,461.2,448.4,465,448,2.85%
43956,448.4,447.4,450.4,446.1,0.23%
43955,447.4,450.4,451,445.1,-0.67%
43954,450.4,443.7,452,440.1,1.50%
43953,443.7,451.1,452.5,436,-1.64%
43952,451.1,446.6,453,445.7,1.01%
43951,446.6,455.3,456,445.1,-1.92%
43950,455.3,450.5,457.4,445.8,1.08%
43949,450.5,444.9,450.8,435,1.21%
43948,445.1,468.1,469.7,443.4,-4.92%
43947,468.1,461.8,472,461.8,1.38%
43946,461.8,463,471.6,455,-0.27%
43945,463,453.7,465,450.2,2.05%
43944,453.7,447.8,454.6,445.7,1.32%
43943,447.8,452.3,453.1,444.5,-0.94%
43942,452,443.9,454.5,442.3,1.82%
43941,444,437.8,446.5,436.6,1.41%
43940,437.8,430,439,428.5,1.80%
43939,430,428.5,430.9,426.5,0.36%
43938,428.5,432.5,433.5,426.4,-0.82%
43937,432,431.5,435.7,430.5,0.13%
43936,431.5,426,432.4,426,1.28%
43935,426,424.8,426.4,424,0.30%
43934,424.8,426.6,427.7,423,-0.43%
43933,426.6,423.7,430,423.7,0.67%
43932,423.7,421.3,423.9,418.8,0.57%
43931,421.3,418.5,422.8,417.5,0.68%
43930,418.5,418.5,418.8,412,0.00%
43929,418.5,422.3,424.5,415.5,-0.90%
43928,422.3,422.6,422.9,417.8,-0.07%
43927,422.6,423.8,424.5,421.7,-0.28%
43926,423.8,420.5,424.6,419.6,0.78%
43925,420.5,420.6,421.2,416.3,-0.03%
43924,420.6,420.3,421.7,417.6,0.07%
43923,420.3,417.9,422.8,417.5,0.66%
43922,417.6,416,417.6,414,0.37%
43921,416,413.2,418.3,413,0.68%
43920,413.2,416,416,408.6,-0.63%
43919,415.8,424.1,426.4,407.5,-1.95%
43918,424.1,427.4,428,422.4,-0.77%
43917,427.4,416.7,431,415.8,2.56%
43916,416.7,416,418.7,414.5,0.17%
43915,416,415.3,417,413,0.17%
43914,415.3,418.1,418.1,414,-0.67%
43913,418.1,417.7,419.7,415.8,0.10%
43912,417.7,411.9,418.7,409.9,1.41%
43911,411.9,411.3,412.1,406,0.15%
43910,411.3,408.4,413,407.9,0.70%
43909,408.4,407.7,410.7,404,0.17%
43908,407.7,418.8,418.9,403,-2.64%
43907,418.8,417.3,420.6,416.7,0.35%
43906,417.3,415.5,418,414,0.43%
43905,415.5,415.9,418.8,412.8,-0.12%
43904,416,411.9,417.9,411.8,1.01%
43903,411.8,410,416,410,0.44%
43902,410,420.5,421.8,406.5,-2.49%
43901,420.5,416.5,423.6,415.5,0.96%
43900,416.5,413,417.2,410.7,0.86%
43899,412.9,411.4,414.5,407.8,0.39%
43898,411.4,412.6,415.9,406,-0.33%
43897,412.7,403.8,415.3,401.6,2.18%
43896,403.9,397.4,409.5,392,1.65%
43895,397.4,408.8,410.1,389.7,-2.80%
43894,408.8,420.6,424,407.7,-2.79%
43893,420.6,422.1,424.4,416.4,-0.39%
43892,422.2,434.8,436.3,421.1,-2.90%
43891,434.8,439.2,442.8,428.5,-0.99%
43890,439.2,434.5,444.8,430.5,1.08%
43889,434.5,434.2,437.8,422.1,0.06%
43888,434.2,435.5,438,431.8,-0.25%
43887,435.3,424.9,435.3,420,2.45%
43886,424.9,426.4,430,419.5,-0.35%
43885,426.4,421.4,427.5,410.7,1.24%
43884,421.1,440.3,442.6,416.3,-4.35%
43883,440.3,440.5,442.5,433.4,-0.05%
43882,440.5,438.7,451.2,428.3,0.41%
43881,438.7,419.8,445,419.7,4.45%
43880,420,421.5,422.5,412,-0.36%
43879,421.5,414.9,426,413.1,1.60%
43878,414.9,407.3,421.7,405.3,1.86%
43877,407.3,399.9,408.8,398.7,1.84%
43876,399.9,408.3,412.5,395.4,-2.06%
43875,408.3,393,408.7,393,3.90%
43874,393,382.9,393,382.6,2.61%
43873,383,378,383.5,377.1,1.32%
43872,378,380.9,383,372.3,-0.76%
43871,380.9,374.3,386.5,373.1,1.85%
43870,374,370.5,377.6,370.3,0.94%
43869,370.5,372,376.7,369.1,-0.41%
43868,372,373.7,377.8,369.2,-0.47%
43867,373.8,386.5,386.5,366.4,-3.31%
43866,386.5,389.8,392.6,384.5,-0.84%
43865,389.8,369,393.9,368.6,5.64%
43864,369,372.9,374,366,-1.05%
43863,372.9,371.4,374.8,369.9,0.40%
43862,371.4,365.5,379,363.3,1.62%
43861,365.5,377,378.9,362.6,-3.04%
43860,377,377.6,380.5,374,-0.18%
43859,377.6,378.4,385.3,360.2,-0.20%
43858,378.4,394.7,395.5,375.6,-4.20%
43857,395,391.3,397,389.7,0.93%
43856,391.3,391,398,387.5,0.09%
43855,391,402.8,402.8,384,-2.93%
43854,402.8,385.6,407,385.1,4.46%
43853,385.6,381,394,379.9,1.21%
43852,381,411,411.2,371.3,-7.31%
43851,411,419.5,424.6,405,-2.01%
43850,419.4,378.9,428,375,10.67%
43849,379,387,388.4,377.4,-2.09%
43848,387,382,389.4,375.1,1.30%
43847,382.1,388.4,392.8,378.8,-1.63%
43846,388.4,359,392.4,353.2,8.24%
43845,358.9,429.3,429.4,358,-16.40%
43844,429.3,431.1,434.9,426,-0.42%
43843,431.1,432,436.4,416.4,-0.22%
43842,432,449.3,449.6,429.3,-3.83%
43841,449.3,449.4,452.5,443.6,-0.02%
43840,449.4,449.2,450.3,441,0.03%
43839,449.2,454,456,447.5,-1.05%
43838,454,458.8,465,446.8,-1.10%
43837,459,428.9,461.9,427.1,7.26%
43836,428,431.8,432.2,425,-0.89%
43835,431.8,432.9,434.9,428.2,-0.24%
43834,432.9,428.6,435.7,427,0.99%
43833,428.7,432.7,433.1,422,-0.93%
43832,432.7,434,435.8,430,-0.29%
43831,434,429,436.5,426.3,1.16%